Passage_ID,passage,original_id
565747_24_50,"My boyfriend did not know what happened, but called that day and said, “I
was really worried about you last night, you scared me, did you make it
home okay?” I was horrified. That’s when I learned I had called him that
night in my blackout, left an incomprehensible voicemail, that we had also
spoken on the phone, but I was slurring so heavily he was scared for me,
that he repeatedly told me to go find my sister. Again, he asked me, “What
happened last night? Did you make it home okay?” I said yes, and hung up
to cry. I was not ready to tell my boyfriend or parents that actually, I may have
been raped behind a dumpster, but I don’t know by who or when or how. If
I told them, I would see the fear on their faces, and mine would multiply by
tenfold, so instead I pretended the whole thing wasn’t real. I tried to push it out of my mind, but it was so heavy I didn’t talk, I didn’t
eat, I didn’t sleep, I didn’t interact with anyone. After work, I would drive
to a secluded place to scream. I didn’t talk, I didn’t eat, I didn’t sleep, I
didn’t interact with anyone, and I became isolated from the ones I loved
most. For over a week after the incident, I didn’t get any calls or updates
about that night or what happened to me.",Know_My_Name_24_50
281771_3_35,"And on the landing was a stone statue that frightened Beauty. It
was a pagan god of some sort with an erect phallus. It was onto this phallus that Prince Alexi was now thrust, his legs
bound apart on the pedestal of the statue. His head was laid back on
the statue's shoulder. He gave another moan as the phallus impaled
him and then he lay still as Squire Felix bound his hands behind his
back. The statue's right arm was upraised, the stone ﬁngers of the hand
forming a circle as if they had once clasped a knife or some other
instrument. And now the Squire carefully positioned Prince Alexi's
head on the shoulder of the statue beneath that hand. And through the clasped hand, he placed a leather phallus,
anchoring it so that it ﬁt into Prince Alexi's mouth. It seemed now that the statue raped him both through his anus and
through his mouth, and he was bound to it. And his organ, as stiﬀ as
before, lay thrust forward as the phallus of the statue was inside of
him.",The_Claiming_of_Sleeping_Beauty_3_35
340849_13_16,"... and you're twenty-one,
aren't you? So what are you going to do? Call the cops because I kissed you and
took my pants off?"" But she felt raped anyway. He had taken photographs she hadn't wanted him to take, and seduced her into
exposing more of herself than she wanted, and he had tried to take advantage of
her sexually when she was drunk. The odd thing was that she had never gotten
drunk on a glass and a half of wine before. And even now, she felt ghastly. ""I'm
sick of playing games with you, Grace. I've invested a lot of time, and patience,
and Saturday afternoons and pasta dinners. We should have been in bed two
weeks ago. I'm not fourteen.",malice_13_16
565747_21_10,"Verbal consent is often mocked for killing the mood. But think of how
much organic communication we do in life. A sampling table at the grocery
store; you pick up a cracker, make eye contact with the vendor, May I? and
they nod, Enjoy. Subtle and swift. What I never say out loud is that rape makes you want to turn into wood,
hard and impenetrable. The opposite of a body that is meant to be tender,
porous, soft. Sometimes I’m too angry, seething after reading a rape story, I
need to slice a dick off. Sometimes my desire fluctuates, dips to depletion. I
wouldn’t notice if I didn’t have a partner, but once you shrug off affection
for the sixth time something’s amiss.",Know_My_Name_21_10
223085_53_68,"Wintrow could see her deciding how much to share with
him. When she spoke, she told things in a bare, bald way, her voice becoming
dispassionate as she approached more recent events. Perhaps it was the only
way she could speak of them. She did not look at Wintrow, but spoke directly
to Malta of the sinking of Paragon with all hands, including Brashen Trell. In
a cold flat voice, she spoke of her rape. Wintrow lowered his eyes, shocked
by the flare of both understanding and hatred in Malta’s eyes. He did not
interrupt her. He kept his peace until she said, ‘Of course, no one aboard
believes me. Kennit has impressed them all with his gentlemanly ways. Even
my own ship doubts me.’
Wintrow’s throat and mouth were dry.",Liveship_Ship_of_Destiny_53_68
917330_30_23,"She was incapable of acknowledging that anything was wrong in her
life or mine.”
“I’ve met her. She’s not my favourite in the family.”
“She’s been like that her whole life. I’ve often wondered about my parents’ relationship. I realised that they rarely or
maybe never had sex with each other after I was born. My father had women, but for some strange reason he was
afraid of Isabella. He stayed away from her, but he couldn’t get a divorce.”
“No-one does in the Vanger family.”
She laughed for the first time. “No, they don’t. But the point is that I couldn’t bring myself to say anything. The whole world would have found out. My
schoolmates, all my relatives …”
“Harriet, I’m so sorry.”
“I was fourteen when he raped me the first time.",The_Girl_With_The_Dragon_Tattoo_30_23
330562_9_32,"He dug an arched cave inside a
hill near the quarry and waited. She was the youngest one. [ 1 8 1 ]

Alice Sebold

Wendy Richter. Connecticut, 1971. Thirteen. She was waiting for her father outside a bar. He raped her in
the bushes and then strangled her. That time, as he grew conscious, coming up out of the stupor that often clung on, he heard
noises. He turned the dead girl’s face toward his, and as the voices
grew closer he bit down on her ear. “Sorry, man,” he heard two
drunk men say as they walked into the nearby bushes to take a
leak.",The_Lovely_Bones_9_32
131302_23_21,"You are finally starting to act like a royal. Any other woman
and I would have been patting you on the back and complimenting your
technique. You bypassed many of the common blunders—for instance, you
weren’t in her rooms, thus greatly lessening the chance, under normal
circumstances, that her husband would walk in. And those little love marks
you left on her—even if her husband never found out who did it, he would
know she had been raped or seduced. Either way it’s a black mark on his
honor.” He paused. “The bondage was an odd choice. Was that my wife’s
suggestion?”
Kihrin shook his head. “Mine.”
“Why?”
The boy shrugged. “I like it that way sometimes.”
“Huh. Everyone has their tastes, I suppose, but I recommend you stamp
down on that fetish.",The_Ruin_of_Kings_23_21
565747_22_4,"But this is not what we’re asking. All the school can do is say, you
cannot study here anymore, you cannot use our library anymore, or the
cafeteria, you have to go find another library and cafeteria. If students can
be swiftly expelled for plagiarism or dealing drugs, the same punishment
should be inflicted if there’s enough evidence to suggest they pose a threat
to others. Oh but his reputation! That’s really where he suffers. My advice
is, if he’s worried about his reputation, don’t rape anyone. • • •
Brock wrote, Before this happened, I never had any trouble with law
enforcement and I plan on maintaining that. On November 15, 2014, three
months before my assault, Deputy Shaw spotted a few young men walking
through Stanford campus with beer cans. When apprehended, they ran. One
guy was caught and detained, confessed the guy who escaped was Brock.",Know_My_Name_22_4
466796_4_6,"I fled. Sometime later, they found me by the gnarled ankles of an olive tree. I
was limp and pale, surrounded by my own vomit. The dice were gone, lost
in my flight. My father stared down angrily at me, his lips drawn back to
show his yellowing teeth. He gestured, and the servants lifted me and
carried me inside. The boy’s family demanded immediate exile or death. They were
powerful, and this was their eldest son. They might permit a king to burn
their fields or rape their daughters, as long as payment was made. But you
did not touch a man’s sons.",The_Song_of_Achilles_4_6
565747_17_8,"We, the jury, find the defendant, Brock Allen Turner,
guilty of a felony, a violation of California Penal Code section 220 (a) (1),
assault with intent to commit a rape of an intoxicated or unconscious
person. Dated March 30th, 2016, by foreperson, Juror No. 5. The air is broken by the wail of someone being stabbed. My head snaps
to the right and I watch Brock’s mother’s pointed feet extend straight up
into the air and come slamming back into the ground. She stomps, yelling
into this room stricken by silence. His father has thrown his body over her
as if shielding her from a showering of arrows. Suddenly, I feel vulnerable,
my face open and unprotected. What do I look like, should I be reacting? Her wailing tries to insert itself into me, but I need to drown out the sound,
to focus. I turn back to the front of the room, muting the cries.",Know_My_Name_17_8
37865_34_55,"“The
only survivor of a dying planet. I have come to rob all the women ... rape all
the men ... and learn to do the Peppermint Twist!”
It began to do a mad shuck-and-jive, balloons in one hand, severed,
bleeding leg in the other. The clown costume writhed and flapped, but
Beverly felt no wind. Her legs tangled in each other and she spilled to the
pavement, throwing out her palms to take up the shock, which went all the

way to her shoulders. The woman pushing the grocery cart paused and
looked back doubtfully, then hurried on a little faster. The clown came toward her again, casting the severed leg aside. It landed
on the lawn with an indescribable thud. Beverly only lay sprawled on the
pavement for a moment, sure somewhere inside that she must wake soon,
this couldn’t be real, had to be a dream—
She realized that wasn’t true a moment before the clown’s crooked, longclawed fingers touched her. It was real; it could kill her. As it had killed the
children.",It_34_55
353113_13_4,"Now, in my office, I can see a stand of bamboo through the open door. My anger with Stevland so long ago might have been little more than
displaced anger over my job as commissioner. I could not quite bear to
blame Sylvia, my great-grandmother. When I was just a teenager, she called
me to her deathbed, her body swelling as her kidneys failed her. She gave
me a knife that had been made on Earth with a blade almost as long as my
hand. I had been impressed by the steel itself, shiny and wonderful, but then
she told me she had killed Vera with it. She described the days leading up to
the revolt, a long story, and she got angry remembering it. I couldn’t
imagine the things she told me about, beatings and killings and rape. No
one had ever told us about it. “I did not, not, not want to die there,” she said, “did not want to lead a
hard, ugly life under the dictates of lying murderous Parents and finally be
carried in rags through desolate fields and be left to feed the greedy, stupid
snow vine.” The Parents had betrayed the Children.",Semiosis_13_4
223085_56_30,"Althea
turned aside from that searing knowledge. Kennit had raped her. Etta knew,
and the admission was a stake in the heart of her memories of him. Neither
woman could escape what he had done to them. Althea looked away, only to have her eyes fall on Kyle. Still muttering
and swinging feeble fists in a display of anger, he gestured wildly as he
shuffled away from them. His left foot turned out awkwardly. Amber spoke quietly. ‘At night, in our room, you used to say you longed
to meet him just one more time. Just so you could confront him with what he
did.’
‘He stole my ship from me.",Liveship_Ship_of_Destiny_56_30
339707_3_75,"Our
car was parked at the base of the rise, just past a scraggle of bushes. Nobody would come up the road that way, anyway. There was a beach
farther down that you could get to easier by a road along the lakeshore,
around the other side. Of course the rapist—except I didn’t use that word: I
used attacker—the attacker had bet on this lonely place remaining deserted. Which meant he had to have known something about the reservation, and
meant more planning. People drank down on that beach at night, but to get
there from the round house you had to cross a barbed-wire fence and then
bushwhack. The attack had happened approximately where I was standing. He’d left her here, to get a new book of matches. I blocked out the thought
of my mother’s terror and her scramble for the car. I imagined how far away
the attacker had to have gone to fetch the matches, in order not to run back
in time to catch her.",The_Round_House_3_75
565747_6_67,"How did other victims manage this back-and-forth
between worlds, the rotation of selves? You can’t fawn over your
coworker’s photos of Maui by morning, slip away to battle your rapist by
noon. It required two entirely different modes of being; different worries,
rules, bosses, emotions. If this continued, I wouldn’t be able to go and come
back, but I was not ready to quit my job and give up my life yet. I prayed he
would give up first. Every time I received a call from an unfamiliar number, my head filled
with heat. I was wary of investigators, tracking me, listening. Months
passed. I had not told a single friend. Every email about the case brought on
a surge of stress; it was not distracting, it was mindwiping, I’d forget what I
was doing, my mood sinking the rest of the day.",Know_My_Name_6_67
565747_16_81,". the fact the defendant latches
on to that to say Tiffany said Chanel was fine does not absolve the

defendant . . . the obligation is on him before he inserts his finger in
someone’s vagina to make sure they’re capable of consenting, not that their
sister thinks that they’re fine. She swung the spotlight back to him, where it
belonged. She pointed out that all he had to do to complete the rape was
unzip his pants. I’d never put this together; the only thing between my open
legs and his erection were the tiny golden teeth of a zipper. No woman, no woman wants to have debris in their vagina when they
met a guy five minutes before. No woman.",Know_My_Name_16_81
565747_14_13,". which made me sad because comments like that did not make her

daughter any safer, just ensured that if the daughter was raped, she’d likely
have one less person to go to. My friend Athena had just returned home to Palo Alto. We have been
friends since sixth grade—she is Vietnamese American. After college she’d
gone to work on a lettuce farm in Hawaii. I picked her up from the airport
and she told me how it felt to sleep in a tent, to hitchhike to the ocean, to
see clarity of the stars on the Big Island. We went over to my house. When
the conversation floated off her island back to my little room, she asked me
what I had been up to. There was always a moment, right before telling someone, that felt like I
was peering over the edge of a cliff into water. I was taking a few final
breaths, swinging my arms, telling myself I could do it.",Know_My_Name_14_13
37865_30_59,"Not ninety percent, not even ninetyfive percent. One hundred was all that would do it. “In December of last year, an eight-year-old boy named Steven Johnson
was found dead in Memorial Park. Like Adrian Mellon, he had been badly
mutilated just before or just after his death, but he looked as if he could
have died of just plain fright.”
“Sexually assaulted?” Eddie asked. “No. Just plain mutilated.”
“How many in all?” Eddie asked, not looking as if he really wanted to
know. “It’s bad,” Mike said. “How many?” Bill repeated. “Nine. So far.”
“It can’t be!” Beverly cried. “I would have read about it in the paper ...
seen it on the news!",It_30_59
565747_2_4,"OFFICER: No, but the area behind. He said, Some people passing by saw you were there, and they’re like,
“Wait, that doesn’t look right.” And then they stopped, um, they saw
someone . . . and then another person came by, saw you. And called, called
us . . . Um, naturally in the beginning, um, we assume a possible rape. I didn’t understand.",Know_My_Name_2_4
917330_29_119,"He paused, trying to come up with a logical explanation. “Sometime along the way Harriet discovered that Gottfried had not only committed incest, but he was also a serial
sex murderer,” he said. “We don’t know when she found out about the murders. It could have been right before Gottfried drowned. It might
also have been after he drowned, if he had a diary or had saved press cuttings about them. Something put her on his
track.”
“But that wasn’t what she was threatening to tell Henrik,” Blomkvist said. “It was Martin,” Salander said. “Her father was dead, but Martin was going on abusing her.”
“Exactly.”
“But it was a year before she took any action.”
“What would you do if you found out that your father was a murderer who had been raping your brother?”
“I’d kill the fucker,” Salander said in such a sober tone that Blomkvist believed her. He remembered her face as she
was attacking Martin Vanger. He smiled joylessly.",The_Girl_With_The_Dragon_Tattoo_29_119
630140_26_8,"And they would all be rapers. They would rape her. Sooner or later they would find her and rape her. This morning, before first light, she had crept up to the attic, where her
father’s few possessions were stored in cardboard boxes. Her father had
been a merchant seaman. He had deserted Irma’s mother in the late sixties. Irma’s mother had told Irma all about it. She had been perfectly frank. Her
father had been a beast who got drunk and then wanted to rape her. They all
did.",The_Stand_26_8
951952_15_12,"By that time she was working for a women’s collective, the
publishing division. They put out books on birth control and rape and things
like that, though there wasn’t as much demand for those things as there used
to be. I’ll come over, she said. She must have been able to tell from my voice
that this was what I wanted. She got there after some time. So, she said. She threw off her jacket,
sprawled into the oversized chair. Tell me. First we’ll have a drink. She got up and went to the kitchen and poured us a couple of Scotches,
and came back and sat down and I tried to tell her what had happened to me.",the_handmaids_tale_15_12
565747_22_15,"I had them
handcuffing him, photographing me, recording witness accounts, jotting
down every detail of my body from the thin chain wrapped around my neck
to the laces of my shoes, my clothes collected, his clothes collected. I
pressed charges within twenty-four hours of the assault and here I was three
years later reading the appellate attorney’s statements about how I was
clearly in front of the dumpster, not in any way “behind” it. How it was
“merely exterior massaging” of my “genital opening,” how we were
enamored young people expressing their sexual urges. When you say go to
the police what do you envision? I was grateful for my team. But the police
will move on to other cases while the victim is left in the agonizing,

protracted judicial process, where she will be made to question, and then
forget, who she is. You were just physically attacked? Here’s some
information on how you can enter a multiyear process of verbal abuse. Often it seems easier to suffer rape alone, than face the dismembering that
comes with seeking support. When a victim does go for help, she is seen as attacking the assailant.",Know_My_Name_22_15
565747_24_71,"But alcohol was not the one
who stripped me, fingered me, had my head dragging against the ground,
with me almost fully naked. Having too much to drink was an amateur
mistake that I admit to, but it is not criminal. Everyone in this room has had
a night where they have regretted drinking too much, or knows someone
close to them who has had a night where they have regretted drinking too

much. Regretting drinking is not the same as regretting sexual assault. We
were both drunk, the difference is I did not take off your pants and
underwear, touch you inappropriately, and run away. That’s the difference. You said, If I wanted to get to know her, I should have asked for her
number, rather than asking her to go back to my room. I’m not mad because you didn’t ask for my number. Even if you did know
me, I would not want to be in this situation. My own boyfriend knows me,
but if he asked to finger me behind a dumpster, I would slap him.",Know_My_Name_24_71
340849_5_3,"She had been found guilty of voluntary manslaughter. They believed that John
Adams had done something to her, though they were not quite sure what, and
they did not believe that he had raped her, then or ever. But he had hurt her
possibly, and two of the women on the jury had been insistent that even good
men sometimes had dark secrets. There had been enough doubt in their minds for them to shy away from
murder one and the death penalty. But the next step down from there was
voluntary manslaughter, and that was how they had charged her. They believed, as the judge had explained in his instructions to them, that
Grace had believed falsely, and therein lay the key, that she was justified in
killing her father. Because of his glowing reputation in the community, they had
been unable to accept that her father had been truly harming her, but they did
believe that Grace had believed that, though incorrectly. Voluntary manslaughter
carried a sentence of up to twenty years, at the judge's discretion. And in the end, because of her extreme youth, and the fact that Grace herself
had believed it to be both a crime of passion and of justifiable defense, the judge
gave her two years in prison, and two years probation. Considering the
possibilities, it was something of a gift, but it sounded like a lifetime to Grace as
she listened to the words, and tried to force herself to understand it.",malice_5_3
340849_6_19,"She felt the same
way now. Would she be raped by them? Or just used, as she had been by her
father? And how would she ever fight them? If there were ten or twelve of them,

or even two, what chance would she have? Her heart quailed as she thought of it,
and the promises she had made to Molly and
David that she would be strong and survive it. She'd do everything she could,
but what if it was just too unbearable ...
hat if ...
he stared hopelessly at the floor as they left the highway and drove up to the
gates of Dwight Correctional Center. The other inmates were hooting and jeering
and stamping their feet, and Grace just sat there, staring straight ahead, trying
not to think of what Angela had told her. ""Okay, baby. We're home."" Angela grinned at her.",malice_6_19
565747_4_45,"I returned to the article. Alleged victim said she “blacked out” after drinking two whiskey shots,
two vodka shots, and stepping outside the frat house with her sister. How’d
they know exactly what I’d had to drink? I’d never spoken to any reporters. Then I remembered myself at the hospital, sitting in that plastic chair, wet
hair soaking my cotton neckline, chest caved to conceal that I wasn’t
wearing a bra, my insides still tender from the exam. Everything I had
recollected, details I’d fumbled to provide into that little black recorder, had
been typed into transcripts. Reporters must have sifted through them, using
my words to construct their own narrative for the public to pore over. I felt
the walls of my life being torn down, the whole world crawling in. If words
spoken softly at a rape clinic were projected over a megaphone, where was
it safe for me to speak? I scrolled to the end of an article and saw, the woman is recovering at a
hospital.",Know_My_Name_4_45
565747_23_32,"I had created the wrong
list. Thursday, talks with Stanford. Friday, rapist out of jail. A panic attack,
a failed meeting, guilt from money, the politics of negotiating, all repressed
in my gut. I didn’t know how to say any of this. I’ve also been experiencing
anxiety. The doctor asked, Have you tried therapy? I nodded. Okay, well
maybe that’s something we can explore next time, but anxiety is common, so
let’s give it a few months and . .",Know_My_Name_23_32
565747_21_38,". This is completely different from a woman
getting kidnapped and raped as she is walking to her car in a parking lot. That is a rapist. These are not rapists. These are idiot boys and girls having
too much to drink and not being aware of their surroundings and having
clouded judgment. When my statement emerged, her letter was uncovered. That summer
she was scheduled to tour with her three-woman band, but venues canceled
one after the other, announcing they did not tolerate rape culture. The band
was dropped from its label, the tour dissolved, and she issued a public
apology. Even more disturbing was that out of thirty-nine letters written,
this was the single one the judge had quoted at the sentencing. Her
misguidance was expected, the judge’s was not.",Know_My_Name_21_38
565747_7_7,"My dad peeked in to see how I was
doing and I said, I’m so happy. Before I left, there was one person I wanted to tell. Claire, a close friend
of mine, with freckled skin and a tiny nose ring, was about to move to
France to work as an au pair for a year. We had spent her last weeks sitting
in her car, eating ice cream and listening to French cassette tapes. I was
always waiting for the right time. But maybe there would never be a right
time; all I knew was that I was running out of it and I would have to tell her
now. She had gone through something similar when she was only eighteen,
called the police, completed the rape kit, but even after she did everything
victims are instructed to do, she was informed it was not enough to more
forward. In my room I told her. She immediately leaned over and put her
arms around me, and strangely I did not have to say much at all. She
understood.",Know_My_Name_7_7
340849_13_23,"She felt
even worse than she had at the loft. It was as though the effect of whatever he had given her had heightened. ""He must have spiked it. Did you feel weird while you were there?""

""Oh did I ..."" Grace moaned. ""It was so strange."" She looked up at her friend and
started to cry. ""I couldn't tell what was a dream ....
and what was real ... he was kissing me and doing things ...
and then I was asleep, and when I woke up he was naked ... but he said nothing
happened.""
""Sonofabitch, he raped you!"" Marjorie wanted to kill him, on behalf of
Grace, and their entire sex. She had never liked him. She hated bastards like that,
particularly the ones who took advantage of kids or greenhorns. It was such easy
sport, and so damn vicious. But Grace just looked confused as she went on.",malice_13_23
563935_7_31,"That’s why
Guerrero Iraola invited him to lunch, to rub his face in it. He hears one of
the hunters, who’s sitting close by, whisper to another that the stunning
blonde was in fact a young virgin of fourteen who needed to be
tenderized and that Guerrero Iraola destroyed her in bed, raping her for
hours. The man says he was there and that the child was half-dead when
they took her away to be slaughtered. It occurs to him that in this case, the flesh trade is literal, and he’s
disgusted. While he thinks about this, he tries to eat the candied
vegetables, avoiding the fingers that have been cut into small pieces. He’s sitting next to Urlet, and the man looks at him, and says into his
ear, “You have to respect what’s being served, cavaler. Every dish
contains death. Think of it as a sacrifice that some have made for others.”
Urlet’s nails graze his hand again and he shudders. He thinks he can
hear the scratching under the man’s skin, the contained wail, the presence
that wants to get out. He swallows the “fresh fingers” because he wants
this to be over with, to leave as quickly as possible.",Tender_is_the_Flesh_7_31
565747_20_9,"My Favorite Murder podcast covered it. Glamour would
later honor Emily Doe as one of the 2016 Women of the Year. The
statement was translated into French, German, Portuguese, Spanish, and
Japanese. An undergraduate in Korea, named Youngki Kim, asked for
permission to translate it into Korean. The statement was performed in sign
language, in a video produced by Crystine, who was unaware we went to
high school together. A feminist group in China posted photos of women
holding signs: Nobody earns the right to rape. It is still rape when he is a
good swimmer. I received emails from around the world. Though very much
across the Pacific, I am so very near to her and her pain and so very
grateful for all those who did come to her aid. Another note: You have
reached out to someone in a sleepy town here in India with your agony,
your perseverance, your will.",Know_My_Name_20_9
565747_24_19,"Consider the possibility that there have been no errors in the
game. Just consider it. Consider that there is not an error, and everything
that’s come down on your plate is the way it is and here we are. I don’t
believe it was my fate to be raped. But I do believe that here we are is all
we have. For a long time, it was too painful to be here. My mind preferred
to be dissociated. I used to believe the goal was forgetting. It took me a long time to learn healing is not about advancing, it is about
returning repeatedly to forage something. Writing this book allowed me to
go back to that place.",Know_My_Name_24_19
917330_14_25,"Because Morell, like Vanger, had spent thirty-six years pondering the mystery, Blomkvist had expected a certain
resistance—he was the new man who had come in and started tramping around in the thicket where Morell had gone
astray. But there was not a hint of hostility. Morell methodically filled his pipe and lit it before he replied. “Well yes, obviously I had my own ideas. But they’re so vague and fleeting that I can hardly put them into words.”
“What do you think happened?”
“I think Harriet was murdered. Henrik and I agree on that. It’s the only reasonable explanation. But we never
discovered what the motive might have been. I think she was murdered for a very specific reason—it wasn’t some act
of madness or a rape or anything like that. If we had known the motive, we’d have known who killed her.” Morell
stopped to think for a moment.",The_Girl_With_The_Dragon_Tattoo_14_25
340849_20_7,"""Of course not. I couldn't do that to my mother. Or to him. I thought I owed him
total silence. In my own way, I guess, I was as crazy as he was. But that's what
happens to children, and women too, in situations like that. They never tell. They'll die first. They called in a psychiatrist to talk to me, when they took me to
jail that night, and she sent me to the hospital, and they found out that he'd raped
me, or someone had had intercourse' with me, according to the D. A.""
""Did you ever tell them the truth?""
""Not for a while.",malice_20_7
565747_24_72,"No girl
wants to be in this situation. Nobody. I don’t care if you know their phone
number or not. You said, I stupidly thought it was okay for me to do what everyone
around me was doing, which was drinking. I was wrong. Again, you were not wrong for drinking. Everyone around you was not
sexually assaulting me. You were wrong for doing what nobody else was
doing, which was pushing your erect dick in your pants against my naked,
defenseless body concealed in a dark area, where partygoers could no
longer see or protect me, and my own sister could not find me. Sipping
fireball is not your crime. Peeling off and discarding my underwear like a
candy wrapper to insert your finger into my body, is where you went wrong.",Know_My_Name_24_72
339707_12_19,"She turned to my father, staring out of the
covers as out of a cave. Her eyes were black, black in her gray face. She
spoke in a low, harsh voice that grew large between my ears. I was raped, Bazil. My father did not move, did not take her hand or comfort her now in any
way. He seemed frozen. There is no evidence of what he did. None. My mother’s voice was a
croak. My father bent near.",The_Round_House_12_19
340849_4_113,"And the whole story she'd
told the police had long since come out in the papers. It was everything she
hadn't wanted. She felt she had betrayed herself, and her parents, but David had
convinced her it was her only hope to stay out of prison or worse, the death
penalty. And even that hadn't worked. She was resigning herself to a life in
prison by then, and she still wondered if she would get the death sentence in the
end. It was possible, even David admitted, though he didn't like to. It would be
up to the jury. He was still sure he could convince jury that she killed her father
to stop him from raping her, or even killing her. She was young, she was beautiful, she was vulnerable, and she was telling the
truth, which had an undeniable ring to it. To David and Molly, there was
absolutely no doubt about her story.",malice_4_113
565747_6_18,"He was a kid, not a criminal. Accomplished, not dangerous. He was the one who lost everything. I was
just the nobody it happened to. The rage that had crackled and roared in my chest all morning had been
reduced to a few dying embers in my throat. I closed my computer, laid
back. I wondered how in an instant my identity had been reduced to the
blacked-out and raped woman. This person who could never be a role
model, at best a cautionary tale. If anyone ever found out, I understood I’d
be publicly disgraced, permanently branded. This part of me had to be
severed.",Know_My_Name_6_18
340849_4_119,"He explained in
graphic detail the extent of the damage when he'd seen her. ""Could you say for certain that Miss Adams had been raped?"" the prosecutor
asked on cross-examination. ""Not with absolute certainty, one never can. One has to rely to some extent on
the reports of the victim. But one could definitely say that there had been
abusive sex over a long period of time. There were old scars of tears and damage
that had been caused, and of course extensive new ones.""
""Could that kind of abuse' occur in normal sex, or sex of an unduly energetic,
or even somewhat degenerate nature? In other words, if Miss Adams was
masochistic in any way, or liked to be punished' by any of her supposedly
various boyfriends, would it lead to the same kind of results?"" he asked
pointedly, with flagrant disregard for the fact that everyone who knew her said
she had never gone out with anyone, or had a boyfriend. ""Yes, I guess if she liked it rough, you could say that the same damage might
occur ... it would have to be very rough though,"" the resident said thoughtfully,
and the prosecutor smiled evilly at the jury. ""I guess that's how some people like it.""
David objected constantly, and he did a heroic job, but it was an uphill
struggle to battle their claim of premeditation. He put Molly on the witness
stand, and finally, Grace herself, and she was deeply moving.",malice_4_119
466796_16_36,"“We will not hurt you. I am going to free you.”
She looked at us in horror. The gods knew what she thought I was saying. She was an Anatolian farm-girl, with no reason to have ever heard Greek
before. I stepped forward to put a hand on her arm, to reassure. She flinched
as if expecting a blow. I saw the fear in her eyes, of rape and worse. I could not bear it. There was only one thing I could think of. I turned to
Achilles and seized the front of his tunic.",The_Song_of_Achilles_16_36
340849_14_2,"""I think that's what happened today. I think maybe he got overanxious, and
wanted to make sure I'd play, so he put something in my drink. ... we'd been
going out for a month, and nothing had happened ... I was ... I wanted to be sure
... I was scared ... he said I. ... he said I got really scared when he tried ...""
""I'm sure you did. Drugging you is not the answer. You need time, and therapy,
and the right man. This one certainly doesn't sound like he is,"" she said calmly. ""I figured that out,"" Grace sighed, but she was relieved to know that he hadn't
raped her. That would have been adding insult to injury. The doctor offered her the name of a therapist, and Grace took it from her, but
she didn't intend to call him.",malice_14_2
917330_29_56,"I was the one who strangled her.”
He’s bragging. Good Lord, what a revoltingly sick family. “You can’t have any notion of how demented this is.”
“You are a very ordinary little person, Mikael. You would not be able to understand the godlike feeling of having
absolute control over someone’s life and death.”
“You enjoy torturing and killing women, Martin.”
“I don’t think so really. If I do an intellectual analysis of my condition, I’m more of a serial rapist than a serial
murderer. In fact, most of all I’m a serial kidnapper. The killing is a natural consequence, so to speak, because I have
to hide my crime. “Of course my actions aren’t socially acceptable, but my crime is first and foremost a crime against the conventions
of society. Death doesn’t come until the end of my guests’ visits here, after I’ve grown weary of them. It’s always so
fascinating to see their disappointment.”
“Disappointment?”
“Exactly.",The_Girl_With_The_Dragon_Tattoo_29_56
565747_24_57,"That helplessness
was traumatizing. Instead of taking time to heal, I was taking time to recall the night in
excruciating detail, in order to prepare for the attorney’s questions that
would be invasive, aggressive, and designed to steer me off course, to
contradict myself, my sister, phrased in ways to manipulate my answers. Instead of his attorney saying, Did you notice any abrasions? He said, You
didn’t notice any abrasions, right? This was a game of strategy, as if I could
be tricked out of my own worth. The sexual assault had been so clear, but
instead, here I was at the trial, answering questions like:
How old are you? How much do you weigh? What did you eat that day? Well what did you have for dinner? Who made dinner?",Know_My_Name_24_57
565747_18_38,". He’d
written about the way I became verbally hostile, upset, abrasive, whenever
the case was brought up. I remembered the shattered phone, the screaming
matches. I remembered halfway through a movie, a rape unfolding on
screen, yelling to turn it off, turn it off, where’s the damn remote, getting up
to leave, slamming the door. He wrote about my inability to sleep by
myself, the physical insecurity, keeping the lights on. He noticed times I left
the apartment to wander aimlessly around the city, needing to be alone. How the process had been more invasive, public, and longer than we
anticipated. Chanel has allowed me, in confidence and only due to our
closeness, occasional glimpses of the pain that comes with this public
violation of her body. . .",Know_My_Name_18_38
951952_10_56,"I liked watching these people when they were happy, not
when they were miserable, starving, emaciated, straining themselves to death
over some simple thing, the digging of a well, the irrigation of land, problems
the civilized nations had long ago solved. I thought someone should just give
them the technology and let them get on with it. Aunt Lydia didn’t show these kinds of movies. Sometimes the movie she showed would be an old porno film from the
seventies or eighties. Women kneeling, sucking penises or guns, women tied
up or chained or with dog collars around their necks, women hanging from
trees, or upside-down, naked, with their legs held apart, women being raped,
beaten up, killed. Once we had to watch a woman being slowly cut into
pieces, her fingers and breasts snipped off with garden shears, her stomach
slit open and her intestines pulled out. Consider the alternatives, said Aunt Lydia. You see what things used to be
like? That was what they thought of women, then. Her voice trembled with
indignation.",the_handmaids_tale_10_56
565747_13_83,"The trial would likely be in the spring of
her senior year. Every quarter she had a heavier workload she couldn’t
afford to adjust if she wanted to graduate on time. The damage was
unremitting. One night, I’d gone alone to a Storytellers event, where a woman named
Elizabeth spoke about a small team called Rise, a civil rights nonprofit, that
was drafting the Sexual Assault Survivors’ Bill of Rights, which included
free forensic medical examinations and preservation of rape kits. I felt my
heart sputtering, my skin clamming up. Afterward I approached her, my
words tripping over themselves, the rape kits, so invasive, you wait for so
long, the injustices. I talked nonstop like a faucet had opened, it was the
first time I’d wanted to discuss any of it. She was receptive, excited. You
know so much about this. I lied and said I used to work as an advocate, and
excused myself.",Know_My_Name_13_83
917330_15_38,"Salander did not move. She could feel his breath on her
neck as she studied the letter opener on his desk; she could reach it with her free hand. But she did nothing. If there was one lesson Holger Palmgren had taught her over the years, it was that impulsive
actions led to trouble, and trouble could have unpleasant consequences. She never did anything without first weighing
the consequences. The initial sexual assault—which in legal terms would be defined as sexual molestation and the exploitation of an
individual in a position of dependence, and could in theory get Bjurman up to two years in prison—lasted only a few
seconds. But it was enough to irrevocably cross a boundary. For Salander it was a display of strength by an enemy
force—an indication that aside from their carefully defined legal relationship, she was at the mercy of his discretion
and defenceless. When their eyes met a few seconds later, his lips were slightly parted and she could read the lust on
his face. Salander’s own face betrayed no emotions at all.",The_Girl_With_The_Dragon_Tattoo_15_38
353113_3_6,"Is fallback, what we use if high tech would be
jammed. And very entertaining. My unit gave shows like circus, even with
horses, and was when I decided to join this project after my duty is finish. I
saw too much of Mother Russia during travel and give shows. They are
raping her. I not can endure stay and see it.”
That was true everywhere on Earth, environmental devastation that we
wished we could fix, but the best we could do was try again elsewhere. “I wonder if there will still be humans on Earth when we get to Pax,”
Vera said one evening after dinner as we worked on the many tasks that
survival required. It had been harder than we thought but also more
rewarding. “The people on this planet don’t deserve to survive,” Bryan said as he
made fishhooks out of wire. “The thing is, we can learn,” Merl said.",Semiosis_3_6
565747_21_37,"Did my dress explain his
behavior? I entered the court system expecting it to be ordered, civil,
constructive. Now I was learning whose voices were amplified inside the
courtroom, whose were muted. At the sentencing the judge had quoted a
letter written by Brock’s friend. I will omit her name, trusting she has
learned from her mistakes. In her letter, she wrote: I don’t think it’s fair to
base the fate of the next ten + years of his life on the decision of a girl who
doesn’t remember anything but the amount she drank to press charges
against him. I am not blaming her directly for this because that isn’t right. But where do we draw the line and stop worrying about being politically
correct every second of the day and see that rape on campuses isn’t always
because people are rapists. . .",Know_My_Name_21_37
223085_54_5,"Now she stood and stared sightlessly
across the room as Etta dug through it. ‘Here. This will serve. It will be large on him, but if we seat him in a
chair, no one will notice.’ She dragged out a heavy scarlet cloak trimmed with
jet beads. ‘Kennit said it was too gaudy, but I still think he would look very
fine in it.’
‘Undoubtedly,’ Malta agreed without expression. Personally, she felt it
little mattered how a rapist dressed once you knew what he was. Etta stood, the rich fabric draped over her arm. ‘The hood is lined with
fur,’ she pointed out. Abruptly she asked, ‘What are you thinking?’
There was no point at flinging harsh words at this woman. Wintrow had
said that Etta knew what Kennit was.",Liveship_Ship_of_Destiny_54_5
131302_6_19,"It was certainly more lingering. He felt the demon’s tongue move against his face, touch his cheek, the
necklace, the indigo stone. As the demon did this, thoughts flowed into
Kihrin’s mind. ***I OFFER THIS TO THEE, MY KING: A SMALL TASTE OF
HORROR TO WHET THY APPETITE FOR THE FEAST OF

SUFFERING.****
The mental images grew more intense: Kihrin with his old teacher
Mouse, with Morea, with any number of girls and boys from the Veil velvet
house. Kihrin saw himself doing things to them—terrible, nonconsensual
things. The demon showed Kihrin image after image of himself as a cruel,
sadistic monster of a man, a demon clothed in human skin who delighted in
the pain and terror of those around him. He fed on it the way crocodiles
feed on anyone foolish enough to come too close to the river. The demon
dove deep into Kihrin’s mind and pulled up the memories of everyone he’d
ever known and loved, and then had Kihrin tear them apart—or murder,
torture, or rape them. Even in the Copper Quarter, even for a boy who had
grown up in Velvet Town, sins still existed beyond his experience or
comprehension. The demon emptied one atrocity after another into the
boy’s head until he had seen them all.",The_Ruin_of_Kings_6_19
340849_20_6,"""I don't know what happened after
that. He really hurt me that night, he pounded at me, he hit me, he'd won, I was his to
beat and rape and torture forever. And then I remembered the gun my mother
kept in her nightstand. I don't know what I was going to do with it, hit him, or
scare him, or shoot him. I don't really know anything except that he was hurting
me so much and I was so scared and half crazy with misery and pain and fear. He saw the gun, and he tried to grab it from me, and then the next thing I knew,
it went off, and he was bleeding all over me. I shot him through the throat, and it
severed his spinal cord and punctured his lung. He fell on top of me and bled
horribly, and after that I don't remember anything until the police came. I'm not
sure what I did. I called the police, I guess, and the next thing I remember was
talking to them, wrapped in a blanket.""
""Did you tell them what he'd done to you?"" Charles asked anxiously, wanting to
change the course of history, and agonized that he couldn't.",malice_20_6
573619_5_69,"I steadied myself by retelling the story. What had I learned in class? There was Persephone, the goddess of spring, and the man was Hades, god
of the dead. In the girls’-school version we read, he saw her picking
wildflowers one day and captured her, bringing her back to his home in
Hell, where she was forced to remain after she ate six pomegranate seeds. That word, captured, was all we ever read, but the paintings we’d studied
all called the encounter rape. Our teachers never elaborated on the meaning
of that word, but I, at least, understood it, and I couldn’t imagine that none
of the other girls did. That woman in the corner of the painting was
Demeter, Persephone’s mother, the goddess of harvest; after Hades dragged
her daughter to Hell, she mourned so fiercely that the earth plunged into
perpetual winter. When he saw that the people were starving and freezing to
death, Zeus, god of the sky, struck a bargain between Hades and Demeter:
because Persephone had only eaten six seeds, she would remain with her
captor for six months of the year and with her mother for the other six. Zeus
sliced her in half, as Solomon had offered to cleave apart the baby claimed
by two mothers. But in the version I told myself, staring at the horrible fresco, Persephone
gathered up the flowing excess of Hades’s rich robes in her empty hands,
looped them around his neck, and strangled him.",Reader_I_Murdered_Him_5_69
131302_37_49,"He left a large burning path of destruction behind him,
reveling in the carnage as he called his brethren from Hell so they too could
play. They raped and destroyed and devoured the souls of those slain. He loved humans. They had such a delicious heat to them. They felt such
pain. He could never hurt them enough to satisfy his appetites. Ahead of him, standing in the road, was an innocuous-looking man in a
tattered patchwork sallí cloak. One might have dismissed him if it were not
for the simple band around his head, the long narrow wand held in his
grasp. One would never have recognized Sandus as the Emperor, wielding two
of the most powerful artifacts in the entire world, if one hadn’t known
better. Xaltorath grinned.",The_Ruin_of_Kings_37_49
281771_8_7,"They pinched
me, poking me, jabbing me as they pleased, and then they set to
raping me. They greased me well with their cruel hands as they had
done before, and when they had ﬁnished, they ﬂushed me out with
some crude piping attached to a wineskin ﬁlled with water. I cannot
tell you the mortiﬁcation of this, to be washed inside and out by
them. The Queen had at least allotted to me privacy in these
matters, as the needs of our bowels and bladders do not interest
her. But to be emptied by this violent stream of cold water and in

front of these piggish men made me weak and spiritless. ""I was limp when they hung me back in the refuse. And in the
morning my arms ached, and I was sickened by the stench that rose
around me. Roughly they pulled me out and shackled me on my
knees again and threw me down for some food on a plate. It had
been a day since I had eaten; yet I did not wish to eat for their
amusement, as they would not allow me the use of my hands. It was
nothing to them.",The_Claiming_of_Sleeping_Beauty_8_7
917330_21_4,"PART 3

Mergers
MAY 16 TO JULY 11
Thirteen percent of the women in Sweden have
been subjected to aggravated sexual assault outside
of a sexual relationship. CHAPTER 15
Friday, May 16–Saturday, May 31
Mikael Blomkvist was released from Rullåker Prison on Friday, May 16, two months after he was admitted. The same
day he entered the facility, he had submitted an application for parole, with no great optimism. He never did quite
understand the technical reasons behind his release, but it may have had something to do with the fact that he did not
use any holiday leave and that the prison population was forty-two while the number of beds was thirty-one. In any
case, the warden—Peter Sarowsky, a forty-year-old Polish exile—with whom Blomkvist got along well, wrote a
recommendation that his sentence be reduced. His time at Rullåker had been unstressful and pleasant enough. The prison had been designed, as Sarowsky
expressed it, for hooligans and drunk drivers, not for hardened criminals. The daily routines reminded him of living in a
youth hostel. His fellow prisoners, half of whom were second-generation immigrants, regarded Blomkvist as
something of a rare bird in the group. He was the only inmate to appear on the TV news, which lent him a certain
status.",The_Girl_With_The_Dragon_Tattoo_21_4
917330_31_7,"“Bitch,” she said. “Who?”
“Harriet Fucking Vanger. If she had done something in 1966, Martin Vanger couldn’t have kept killing and raping for
thirty-seven years.”
“Harriet knew about her father murdering women, but she had no idea that Martin had anything to do with it. She fled
from a brother who raped her and then threatened to reveal that she had drowned her father if she didn’t do what he
said.”
“Bullshit.”
After that they sat in silence all the way to Hedestad. Blomkvist was late for his appointment and dropped her at the
turnoff to Hedeby Island; he asked if she would please be there when he came back. “Are you thinking of staying overnight?” she said. “I think so.”
“Do you want me to be here?”
He climbed out of the car and went around and put his arms around her. She pushed him away, almost violently. Blomkvist took a step back. “Lisbeth, you’re my friend.”
“Do you want me to stay here so you’ll have somebody to fuck tonight?”
Blomkvist gave her a long look.",The_Girl_With_The_Dragon_Tattoo_31_7
565747_4_31,"We loved him for twelve
years. Two weeks before Christmas, Dream went missing. Tiffany and I
ventured out, calling his name, flashlight beams swinging across fields. When Christmas passed, my parents informed us that Dream had been hit
by a car, found by the side of the road a few weeks prior. They handed us
his ashes in a box, with a certificate from the crematorium that said Dream
Miller, beneath a rainbow. They had waited to tell us because they did not
want to ruin Christmas. I found it strange they had let us wander out into
the fields while the cat was dead in a box in the closet. What I had now was
another dead cat. I could hide it in my closet and maintain the illusion that I
was fine. Or I could say, I might have been raped, right near our home, and
show them a box full of ashes.",Know_My_Name_4_31
223085_53_15,"But if the serpents were first in her heart, before the
Vestrits, perhaps they preceded Kennit as well. Childishly, Althea perceived a
possible wedge. ‘Why do you not simply demand it of Kennit?’
‘Do you know anyone who reacts well to a demand?’ Vivacia asked
rhetorically. ‘You fear he would refuse you.’
Vivacia was silent, and that quiet jolted Althea from the rut of her own
concerns. It was like being lifted high on a wave and suddenly seeing to a
farther horizon. She perceived Vivacia’s confinement, spirit of a dragon
encased in a body of wood, dependent on the men who set her sails and the
winds that pushed her canvas. There were, she suddenly saw, many ways to
be raped. The revelation broke her heart. Yet her next words sounded childish
in her ears. ‘Were you mine again, we would leave today, this minute.’
‘You mean those words.",Liveship_Ship_of_Destiny_53_15
223085_25_5,"No, it was the boy’s
doing: the pirate-king’s prophet had prayed and Sa himself had simply healed
Kennit’s stump. He was beloved of Sa; all knew that. When evil men had
tried to rape Kennit’s woman, right here in Divvytown, the god had protected
her until Kennit appeared to slay a dozen men single-handedly and carry her
off from her imprisonment. Etta had lived in a whorehouse, but kept herself
only for Kennit. It was a love story to make the most hardened cutthroat
weep. In late afternoon, they stopped to buy fish chowder and fresh baked bread. There they first heard how the boy-priest had stood his ground between
Kennit and most of Divvytown, and prophesied that Kennit would someday
be their king. Those who had doubted the boy’s words had fallen to his
flashing blade. Althea’s astonishment must have flattered the fish vendor, for

he told the tale thrice more, with more details each time. At the last telling,
the man added, ‘And well the poor lad knew about slavery, for his own father
had made him a slave, yes and tattooed his own ship’s likeness onto the boy’s
face.",Liveship_Ship_of_Destiny_25_5
223085_50_23,"He offered her a steadying arm, but she disdained him. He
doubted that she recognized Wintrow. Instead, she lifted her arm to point a
shaking hand at Kennit. ‘He raped me!’ She flung back her head to peer at the lad through her
draggled hair. ‘And my ship is locked down deep in the dark. I’m drugged. I’m sick. Help me. Help her.’ Her words ran down with her strength. She
sagged against the wall and slid down it while Wintrow stood transfixed in
horror.",Liveship_Ship_of_Destiny_50_23
917330_30_21,"I was ashamed. I was desperate. I was all alone. The only ones who knew the truth
were Anita and Martin. I had told Anita about the sexual assaults, but I didn’t have the courage to tell her that my father
was also an insane killer of women. Anita had never known about that. But I did tell her about the crime that I
committed myself. It was so horrible that when it came down to it, I didn’t dare tell Henrik. I prayed to God to forgive me. And I hid inside a convent for several years.”
“Harriet, your father was a rapist and a murderer.",The_Girl_With_The_Dragon_Tattoo_30_21
340849_4_76,"""Sounds like the kid is screwed, if you ask me, there's no one to take her part
in this, and it sounds like the father's partner wants her out of the way anyway, so
he can get whatever money is left. Not a great situation from the sound of it. And
if she won't admit that the old man was raping her, then what more can you
say?"" he said, looking tired, and she sipped coffee and stared at him in
frustration. ""I'm not sure yet. But I'm trying to think of something. I wish I could get her
to tell me what really happened. I mean, hell, she didn't just wake up in the
middle of the night, find a gun in her hand and decide to shoot him. They found
her nightgown torn in half on the floor, but she wouldn't explain that either. All
the evidence is there, for God's sake. She just won't help us use it.""
""You'll get to her eventually,"" he said confidently, but this time Molly looked
worried.",malice_4_76
917330_29_111,"That made me think that . . . well, the only
possible conclusion is that his father raped him. Martin called it ‘his duty.’ The sexual assaults must have gone on for
a long time. He was raised by his father, so to speak.”
“Bullshit,” Salander said, her voice as hard as flint. Blomkvist stared at her in astonishment. She had a stubborn look in her eyes. There was not an ounce of sympathy
in it. “Martin had exactly the same opportunity as anyone else to strike back.",The_Girl_With_The_Dragon_Tattoo_29_111
340849_4_115,"But he
refused to disqualify himself on the grounds that they hadn't been close friends,
and he felt he could be impartial. The only thing that encouraged David was that
if they didn't get a fair trial, or a favorable verdict, he could try to get a mistrial. Or it might help them on appeal. He was already planning ahead, and he was
seriously worried. The prosecution presented their case, and it was powerfully damning. According to them, she had planned to kill her father the night of her mother's
funeral, to inherit what little they had left before he could spend it, or remarry. She had had no idea that she could never inherit from him if she killed him. Photographs presented as evidence showed her father to be an attractive man,
and the prosecution implied repeatedly that Grace was in love with him, her very
own father. So much so that she had not only tried to seduce him that night, by
tearing her nightgown in half and exposing herself to him, now that her mother
was gone, but she had also gone so far as to accuse him of rape after she killed
him. There was evidence that she had had intercourse that night, they explained,
but nothing supported the theory that it had been with her father.",malice_4_115
565747_24_2,"History is where you will find people who have been through what
you’re experiencing. Not only been there but survived it. Not only survived

it but changed it. Whose struggles informed them. History shows you what
people have endured before you. The year before I was born, Anita Hill
testified before the Senate. In 2018, she sent her support to Michele,
thanking her for forcing judges to take rape seriously, signing off, All my
best, Anita. History shows that if you were in the minority, if no one
believed you, it didn’t mean you were wrong. Rather, it meant society was
slow to catch up to you. And if those in the minority did not buckle, did not
give up their truths, the world would shift below their feet.",Know_My_Name_24_2
565747_1_28,"A stack of papers were set in front of me. My arm snaked out of the
blankets to sign. If they explained what I was consenting to, it was lost on
me. Papers and papers, all different colors, light purple, yellow, tangerine. No one explained why my underwear was gone, why my hands were
bleeding, why my hair was dirty, why I was dressed in funny pants, but
things seemed to be moving right along, and I figured if I kept signing and
nodding, I would come out of this place cleaned up and set right again. I put
my name at the bottom, a big loopy C and two lumps for the M. I stopped
when I saw the words Rape Victim in bold at the top of one sheet. A fish
leapt out of the water. I paused. No, I do not consent to being a rape victim.",Know_My_Name_1_28
565747_5_10,"These were certain deaths. No one
survived being hit by a wall of steel going eighty miles per hour. What
struck me was how quickly the blood and remains on the metal were
cleaned, the train restored to its hourly schedule, rushing to deliver
commuters to work on time. How unsettling it was to watch cars glide so

casually and continually over the intersection where they’d died, the tires
bumping over the tracks. • • •
So on that January morning in 2015, reading the story of the Stanford
assault on the news was like being read a letter, Sorry to inform you,
impersonal and flat, but it was not about a death on the tracks, it was about
a sad and strange rape on a local campus, a body found stripped and
disheveled. This time, it was my name. I looked outside and saw the sun shining, ducks paddling through the
pond, everyone working. I sat still at my desk, the same way I’d sat still in
the classroom all those years before. I knew I would show up again at work
the next morning, the same way tires bumped over the tracks, the same way
that after learning about a death, you’d take out your textbook and carry on
with the lesson. Whatever alarms arose in my body were silenced, the
horror made distant.",Know_My_Name_5_10
339707_12_25,"That’s where it happened. He kept the sack on me. And he
raped me. Somewhere. Did you go uphill or downhill? I don’t know, Bazil. Through the woods? Did leaves brush you? I don’t know. What about the ground—gravel?",The_Round_House_12_25
131302_19_2,"There is a mark it leaves on our members, a mark that can be
detected. I double-checked the accuracy myself. It is the singular part of
Darzin’s claim that I have no doubt is absolute truth: our blood runs through
your veins.”
“So I could still be Ogenra?”
The High Lord scoffed. “Do you know what an Ogenra even is?”
“I thought I did, but Miya said—”
“Lady Miya.”
Kihrin faltered. “Excuse me?”
“You will always call her Lady Miya.”
Kihrin flushed with embarrassment. He fought the urge to stand
straighter, tug down his clothing, act like he was being reprimanded by
Surdyeh. “Yes, sir,” he said instead. “Lady Miya said that illegitimacy had
nothing to do with it.”
Therin nodded. “Indeed. All my grandfather’s children were illegitimate
—he was fond of raping his slaves.",The_Ruin_of_Kings_19_2
339707_1_43,"You could at least sleep, said Aunt Clemence. It wouldn’t hurt to sleep. The time would pass and you wouldn’t have to stare at that damn picture. Was it rape? I asked her. Yes, she said. There was something else, I said. My family doesn’t hedge about things. Though Catholic, my aunt was
not one to let butter melt in her mouth. When she spoke, answering me, her
voice was quick and cool.",The_Round_House_1_43
340849_8_1,"She does some real nice engraving.""
This time they both laughed, and Brenda pulled open Grace's shirt and licked her
nipple. ""Nice, huh? You know, I'd hate to have Jane get excited and want to start
doing some engraving right there ... . you know ... sometimes she makes little
mistakes, and it could get kind of messy. Okay? So why not hop down off your
bunk and come with us? I really think you're gonna like it."" This was what she
had feared. This was it. A gang rape using God knows what, and maybe carving her face off
with a knife. Nothing in her life had prepared her for this, not even her father.",malice_8_1
565747_24_28,"The

coals sizzle, extinguishing when they reach me. I see now, those fiery coals
are just black stones, sinking to the bottom. For years, the crime of sexual assault depended on our silence. The fear
of knowing what happened if we spoke. Society gave us one thousand
reasons; don’t speak if you lack evidence, if it happened too long ago, if
you were drunk, if the man is powerful, if you’ll face blowback, if it
threatens your safety. Ford broke all the rules. She had none of the
requirements society tells us we need before we dare open our mouths. She
had every reason to stay hidden, but stepped straight into the most public,
volatile, combative environment imaginable, because she possessed the
single thing she needed, the truth. The barricades that held us down will not work anymore. And when
silence and shame are gone, there will be nothing to stop us.",Know_My_Name_24_28
565747_1_1,"The fact that I spelled subpoena, suhpeena, may suggest I am not
qualified to tell this story. But all court transcripts are at the world’s
disposal, all news articles online. This is not the ultimate truth, but it is
mine, told to the best of my ability. If you want it through my eyes and ears,
to know what it felt like inside my chest, what it’s like to hide in the
bathroom during trial, this is what I provide. I give what I can, you take
what you need. In January 2015, I was twenty-two, living and working in my hometown
of Palo Alto, California. I attended a party at Stanford. I was sexually
assaulted outside on the ground. Two bystanders saw it, stopped him, saved
me. My old life left me, and a new one began.",Know_My_Name_1_1
630140_8_8,"Andrew “Poke” Freeman, in for simple assault, was released in April
1989. He had occupied a bed next to Lloyd Henreid, and had told him that
if Lloyd was interested in a big score, he knew about something interesting
in Vegas. Lloyd was willing. Lloyd was released on June 1. His crime, committed in Reno, had been
attempted rape. The lady was a showgirl on her way home, and she had shot
a load of teargas into Lloyd’s eyes. He felt lucky to get only two to four,
plus time served, plus time off for good behavior. At Brownsville it was just
too fuckin hot to misbehave. He caught a bus to Las Vegas, and Poke met him at the terminal. This is
the deal, Poke told him.",The_Stand_8_8
340849_25_8,"""The prosecutor felt she'd been trying to ..."" he smiled wickedly and Grace
wanted to throw up as she listened, "" ... I'd say, tantalize her father, and she got
angry when he didn't take the bait. She was a pretty sick girl, back then, I don't
know anything about her now of course, but a leopard don't change his spots
much, does he?"" She couldn't believe what she was hearing, or what they'd
encouraged him to say. They explained again, for all who hadn't caught it the first time, that she was a
convicted felon, convicted of murder. They showed her mug shot yet again. And
then a photograph of her looking like a moron, with Charles, as she stood next to
him when he was sworn into Congress. And they explained that Charles was now running for the Senate. And then it
was over, and they moved on to something else, as Grace fell back in her seat in
horrified amazement. She felt completely drained of all emotion. It was all there, the mug shots, the story, the attitude of the community as
expressed by the chief of Dolice. ""They practically said I raped him!",malice_25_8
565747_18_36,"They took
us to Fogo de Chão, a Brazilian steakhouse, where we were each given a
coaster; one side red, one side green. If you placed the green side face up on
the table, waiters swarmed to you with racks of meat they’d slice straight
onto your plate. Red side meant I am content for the moment, please leave
me be. I loved the control, the way a flip of the coaster could send waiters
into motion around me, the way the red made everything stop. Lucas’s parents still did not know about the case. They had planned a
family trip to Lake Tahoe on June 2, the day of the sentencing, but Lucas

told them he had to stay in Palo Alto to “help a friend” and would drive up
the next day to meet up with them. I trusted them and always felt warmly
welcomed, that was never the issue. Being sexually assaulted was not
something I imagined I would share with most people. The public nature of
the case had put me in a strange position. I felt awful they’d watched the
story unfold in the news, unaware their son was involved, but I was torn; do
I have a right to privacy or do they have a right to know?",Know_My_Name_18_36
565747_6_22,"Was I exaggerating? Was this even sad? What was unique about this crime, was that the perpetrator could
suggest the victim experienced pleasure and people wouldn’t bat an eye. There’s no such thing as a good stabbing or bad stabbing, consensual
murder or nonconsensual murder. In this crime, pain could be disguised and
confused as pleasure. I had been to the hospital, a place where people go

when their bodies are sick or wounded. But I pulled my sleeves over my
bruises, afraid I would not receive the same comforts as an injured person. In rape cases it’s strange to me when people say, Well why didn’t you
fight him? If you woke up to a robber in your home, saw him taking your
stuff, people wouldn’t ask, Well why didn’t you fight him? Why didn’t you
tell him no?",Know_My_Name_6_22
917330_32_1,"You’re in a position where you can continue to harm innocent women—especially
that Harriet whom you so warmly defended in the car on the way up here. So my question to you is: which is worse—
the fact that Martin Vanger raped her out in the cabin or that you’re going to do it in print? You have a fine dilemma. Maybe the ethics committee of the Journalists Association can give you some guidance.”
She paused. Blomkvist could not meet her gaze. He stared down at the table. “But I’m not a journalist,” she said at last. “What do you want?” Dirch Frode asked. “Martin videotaped his victims. I want you to do your damnedest to identify as many as you can and see to it that their
families receive suitable compensation.",The_Girl_With_The_Dragon_Tattoo_32_1
340849_4_67,"He was buying the guy's reputation,
without even looking to see what was behind it. ""What am I supposed to see, Molly? We've got a seventeen year-old girl who
shot and killed her father. Maybe she was odd, maybe she was crazy. Maybe she was scared of him, what the hell do I know? But the fact is she
shot him. She isn't saying he raped her, she isn't saying anything. You are.""
""She's too scared, she's too afraid that someone is going to find out their
secret."" She had seen it a hundred times. She just knew it. ""Did it ever occur to you that maybe she doesn't have a secret?",malice_4_67
339707_3_35,"What should I do about it, Randall? I asked in a low voice. We’ll both put down tobacco, he said. And maybe you should talk to
Mooshum. It had a bad feeling, Joe. My mother cooked all the next week, and even made it outside, where she
sat on a frayed lawn chair scratching Pearl’s neck, staring into the
chokecherry bushes that marked the boundaries of the backyard. My father
spent as much time home as possible, but he was still called to finish out
some of his responsibilities. He was also meeting daily with the tribal
police, and talking to the federal agent who was assigned to the case. One
day he traveled to Bismarck and back to talk with the U.S. attorney, Gabir
Olson, an old friend. The problem with most Indian rape cases was that
even after there was an indictment the U.S. attorney often declined to take

the case to trial for one reason or another.",The_Round_House_3_35
415742_2_1,"Dominique escalated her complaint to one of paternal sexual abuse, was
given an emergency room in a hostel; eighteen months later, after tearful
weekly calls to the housing office, she landed a one-bedroom housing
association flat in a small fifties block in Bloomsbury
I did what I had to find a home, she told Amma, not my finest moment,
I admit, still, no harm done, as my father will never know
she went on a mission to educate herself in black history, culture,
politics, feminism, discovered London’s alternative bookshops
she walked into Sisterwrite in Islington where every single author of
every single book was female and browsed for hours; she couldn’t afford to
buy anything, and read the whole of Home Girls: A Black Feminist
Anthology in weekly instalments, standing up, as well as anything by Audre
Lorde she could get her hands on
the booksellers didn’t seem to mind
when I was accepted into a very orthodox drama school, I was already
politicized and challenged them on everything, Amma
the only person of colour in the whole school
she demanded to know why the male parts in Shakespeare couldn’t be
played by women and don’t even get me started on cross-racial casting, she
shouted at the course director while everyone else, including the female
students, stayed silent
I realized I was on my own
the next day I was taken aside by the school principal
you’re here to become an actor not a politician
you’ll be asked to leave if you keep causing trouble

you have been warned, Dominique
tell me about it, Amma replied, shut up or get out, right? as for me, I get my fighting spirit from my dad, Kwabena, who was a
journalist campaigning for Independence in Ghana
until he heard he was going to be arrested for sedition, legged it over
here, ended up working on the railways where he met Mum at London
Bridge station
he was a ticket collector, she worked in the offices above the concourse
he made sure to be the one to take her ticket, she made sure to be the
last person to leave the train so she could exchange a few words with him
Mum, Helen, is half-caste, born in 1935 in Scotland
her father was a Nigerian student who vanished as soon as he finished
his studies at the University of Aberdeen
he never said goodbye
years later her mother discovered he’d gone back to his wife and
children in Nigeria
she didn’t even know he had a wife and children
Mum wasn’t the only half-caste in Aberdeen in the thirties and forties
but she was rare enough to be made to feel it
she left school early, went to secretarial college, headed down to
London, just as it was being populated by African men who’d come to
study or work
Mum went to their dances and Soho clubs, they liked her lighter skin
and looser hair
she says she felt ugly until African men told her she wasn’t
you should see what she looked like back then
a cross between Lena Horne and Dorothy Dandridge
so yeh, really ugly
Mum hoped to spend their first date going to see a film and then on to
her favourite spot, Club Afrique, right here in Soho, she’d dropped enough
hints and loved to dance to highlife and West African jazz
instead he took her to one of his socialist meetings in the backroom of a
pub at the Elephant and Castle
where a group of men sat guzzling beers and talking independence
politics
she sat there trying to act interested, impressed by his intellect
he was impressed with her silent acquiescence, if you ask me

they married and moved to Peckham
I was their last child and first girl, Amma explained, blowing smoke
into the already thickening fug of the room
my three older brothers became lawyers and a doctor, their obedience to
the expectations of our father meant I wasn’t pressurized to follow suit
his only concern for me is marriage and children
he thinks my acting career is a hobby until I have both
Dad’s a socialist who wants a revolution to improve the lot of all of
mankind
literally
I tell Mum she married a patriarch
look at it this way, Amma, she says, your father was born male in Ghana
in the 1920s whereas you were born female in London in the 1960s
and your point is? you really can’t expect him to ‘get you’, as you put it
I let her know she’s an apologist for the patriarchy and complicit in a
system that oppresses all women
she says human beings are complex
I tell her not to patronize me
Mum worked eight hours a day in paid employment, raised four
children, maintained the home, made sure the patriarch’s dinner was on the
table every night and his shirts were ironed every morning
meanwhile, he was off saving the world
his one domestic duty was to bring home the meat for Sunday lunch
from the butcher’s – a suburban kind of hunter-gatherer thing
I can tell Mum’s unfulfilled now we’ve all left home because she spends
her time either cleaning it or redecorating it
she’s never complained about her lot, or argued with him, a sure sign
she’s oppressed
she told me she tried to hold his hand in the early days, but he shook her
off, said affection was an English affectation, she never tried again
yet every year he gets her the soppiest Valentine card you can buy and
he loves sentimental country music, sits in the kitchen on Sunday evenings
listening to albums of Jim Reeves and Charley Pride
tumbler of whisky in one hand, wiping tears away with the other
Dad lives for campaigning meetings, demos, picketing Parliament and
standing in Lewisham Market selling the Socialist Worker

I grew up listening to his sermons during our evening meal on the evils
of capitalism and colonialism and the merits of socialism
it was his pulpit and we were his captive congregation
it was like we were literally being force-fed his politics
he’d probably be an important person in Ghana if he’d returned after
Independence
instead he’s President for Life of our family
he doesn’t know I’m a dyke, are you kidding? Mum told me not to tell
him, it was hard enough telling her, she said she suspected when pencil
skirts and curly perms were all the rage and I started wearing men’s Levis
she’s sure it’s a phase, which I’ll throw back at her when I’m forty
Dad has no time for ‘the fairies’ and laughs at all the homophobic jokes
comedians make on telly every Saturday night when they’re not insulting
their motherin-law or black people
Amma spoke about going to her first black women’s group in Brixton in
her last year at school, she’d seen a flyer at her local library
the woman who opened the door, Elaine, sported a perfect halo of an
afro and her smooth limbs were clad tightly in light blue denim jeans and
tight denim shirt
Amma wanted her on sight, followed her into the main room where
women sat on sofas, chairs, cushions, cross-legged on the floor, drinking
cups of coffee and cider
she nervously accepted cigarettes as they were passed around, sat on the
floor leaning against a cat-mauled tweedy armchair, feeling Elaine’s warm
leg against her arm
she listened as they debated what it meant to be a black woman
what it meant to be a feminist when white feminist organizations made
them feel unwelcome
how it felt when people called them nigger, or racist thugs beat them up
what it was like when white men opened doors or gave up their seats on
public transport for white women (which was sexist), but not for them
(which was racist)
Amma could relate to their experiences, began to join in with the
refrains of, we hear you, sister, we’ve all been there, sister
it felt like she was coming in from the cold
at the end of her first evening, the other women said their goodbyes and
Amma offered to stay behind to wash up the cups and ashtrays with Elaine

they made out on one of the bumpy sofas in the glow of the streetlight
to the accompaniment of police sirens haring by
it was the closest she’d come to making love to herself
it was another coming home
the next week when she went to the meeting
Elaine was canoodling with another woman
and blanked her completely
she never went again
Amma and Dominique stayed until they were turfed out, had worked
their way through numerous glasses of red wine
they decided they needed to start their own theatre company to have
careers as actors, because neither was prepared to betray their politics to
find jobs
or shut their mouths to keep them
it seemed the obvious way forward
they scribbled ideas for names on hard toilet paper snaffled from the loo
Bush Women Theatre Company best captured their intentions
they would be a voice in theatre where there was silence
black and Asian women’s stories would get out there
they would create theatre on their own terms
it became the company’s motto
On Our Own Terms
or Not At All. 2
Living rooms became rehearsal spaces, old bangers transported props,
costumes came from second-hand shops, sets were extracted from junk
yards, they called on mates to help out, everyone learning on the job, ad
hoc, throwing their lot in together
they wrote grant applications on old typewriters with missing keys,
budgets felt as alien to Amma as quantum physics, she balked at becoming
trapped behind a desk
she upset Dominique when she arrived for admin sessions late and left
early claiming headaches or PMT

they rowed when she walked into a stationery shop and ran straight out
again claiming it had brought on a panic attack
she had a go at Dominique when she didn’t deliver the script she’d
promised to write but was out late night clubbing instead, or forgot her lines
mid-show
six months after its inception, they were constantly at loggerheads
they’d hit it off as friends, only to find they couldn’t work together
Amma called a make-or-break meeting at hers
they sat down with wine and a Chinese takeaway and Dominique
admitted she got more pleasure setting up tours for the company than
putting herself in front of an audience, and preferred being herself to
pretending to be other people
Amma admitted she loved writing, hated admin and was she really any
good as an actor? she did anger brilliantly – which was the extent of her
range
Dominique became the company manager, Amma the artistic director
they employed actresses, directors, designers, stage crews, set up
national tours that lasted months
their plays, The Importance of Being Female, FGM: The Musical, Disarranged Marriage, Cunning Stunts, were performed in community centres,
libraries, fringe theatres, at women’s festivals and conferences
they leafleted outside venues as audiences left and arrived, illegally
plastered posters on to billboards in the dead of night
they started getting reviews in the alternative media, and even produced
a monthly Bush Women samizdat
but due to pathetically poor sales and, to be honest, pathetically poor
writing, it lasted for two issues after its grand launch one summer’s evening
at Sisterwrite
where a group of women rolled up to enjoy the free plonk and spill out
on to the pavement to light up and chat each other up
Amma supplemented her income working in a burger bar at Piccadilly
Circus
where she sold hamburgers made of reconstituted cardboard topped
with rehydrated onions and rubbery cheese
all of which she also ate for free in her breaks – which gave her spots
the orange nylon suit and hat she wore meant customers saw her as a
uniformed servant to do their bidding

and not her wonderful, artistic, highly individualistic and rebellious self
she slipped free crusty pies filled with apple-flavoured lumps of sugar to
the runaway rent boys she befriended who operated around the station
with no idea that in years to come she’d be attending their funerals
they didn’t realize unprotected sex meant a dance with death
nobody did
home was a derelict factory in Deptford with concrete walls, a
collapsing ceiling and a community of rats that defeated all attempts at
extermination
thereafter she moved into a series of similarly squalid squats until she
found herself living in the most desirable squat in the whole of London, a
Soviet-sized former office block at the back of King’s Cross
she was lucky enough to be one of the first to hear of it before it filled
up
and stayed upstairs when bailiffs set a hydraulic excavator at the main
door
which triggered violent countermeasures and prison sentences for the
head-bangers who thought a bailiff down deserved a good kicking
they called it the Battle of King’s Cross
the building was thereafter known as the Republic of Freedomia
they were lucky, too, because the owner of the property, a certain Jack
Staniforth, living tax-free in Monte Carlo, loaded from the profits of his
family’s business in Sheffield cutlery, turned out to be sympathetic to their
cause once news reached him from his estate holding company
he’d fought for the International Brigade in the Spanish Civil War
and a bad-investment of a building in one of London’s seediest districts
was a forgettable footnote to his accounts
if they looked after the place, he wrote
they could stay for free
they stopped the illegal tapping of electricity and opened an account
with the London Electricity Board
likewise with the gas, hitherto powered by a single fifty pence piece
jammed into a meter
they needed to set up a management system and gathered one Saturday
morning in the lobby to thrash it out
the Marxists demanded they set up a Central Committee of the Workers’
Republic of Freedomia, which was a bit rich, Amma thought, seeing as

most of them had taken ‘a principled stand against the running dogs of
capitalism’ as an excuse to not work
the hippies suggested they form a commune and share everything, but
they were so chilled and laid back, everybody talked over them
the environmentalists wanted to ban aerosols, plastic bags and
deodorant, which turned everyone against them, even the punks who
weren’t exactly known for smelling minty
the vegetarians demanded a non-meat policy, the vegans wanted it
extended to non-dairy, the macrobiotics suggested everyone eat steamed
white cabbage for breakfast
the Rastas wanted cannabis legalized, and a reserved plot on the land
out back for their Nyabinghi gatherings
the Hari Krishnas wanted everyone to join them that very afternoon
banging drums down Oxford Street
the punks wanted permission to play shouty music and were duly
shouted down
the gay guys wanted anti-homophobic legislation enshrined into the
building’s constitution, to which everyone replied, what constitution? the radical feminists wanted women-only quarters, self-governed by a
co-op
the lesbian radical feminists wanted their own quarters away from the
non-lesbian radical feminists, also self-governed by a co-op
the black radical lesbian feminists wanted the same except with the
condition that no whiteys of any gender were allowed inside
the anarchists walked out because any form of governance was a
betrayal of everything they believed in
Amma preferred running solo, and mixing with others who didn’t try to
impose their will on anyone else
in the end a straightforward rotating management committee was
formed with various rules against drug-dealing, sexual harassment and
voting Tory
the plot out back became a communal space featuring scrap metal
sculptures
courtesy of the artists
Amma managed to lay claim to a typing pool so large she could jog
around it

with its own private toilet and sink that she kept blissfully clean and
suffused with floral scents
she coated the walls and ceiling with a striking blood-red paint, ripped
up the corporate-grey carpet, threw a few raffia mats on the wooden floor,
installed a second-hand cooker, fridge, bean bags, a futon, and a bath
reclaimed from a junk yard
her room was big enough for parties and big enough for people to crash
the disco beats of Donna Summer, Sister Sledge, Minnie Riperton and
Chaka Khan swirling on vinyl got her parties going
Roberta, Sarah, Edith, Etta and Mathilde Santing were the soundtracks
to her end of night seductions
behind the eighteenth-century black lacquer Chinese screen, rescued
from a skip outside the old Chinese Embassy
she worked her way through many of the women of Freedomia
she wanted one-night stands, most wanted more than that
it got to the point where she dreaded passing her former conquests in the
corridors, like Maryse, a translator from Guadeloupe
if she wasn’t knocking on Amma’s door in the middle of the night
begging to be let in, she was lurking outside it to harass whoever was
getting what she wanted
this progressed to name-calling from her window whenever she saw
Amma approach the building, all of it coming to a head when she tipped a
bucket of vegetable peel over Amma one day as she passed beneath her
window
infuriating both the environmentalists and the management committee
who took it upon themselves to write to Amma that she ‘stop shitting on her
own doorstep’
Amma wrote back how it was interesting that quickly people turned into
totalitarian fascists once they’d been given a little power
but she’d learned her lesson and wasn’t short of attention; groupies
queued up for Amma and Dominique as the main players of Bush Women
Theatre
everyone from baby dykes in their late teens to women who could be
their mothers
Amma didn’t discriminate, she bragged to her friends that her tastes
were truly egalitarian as they traversed culture, class, creed, race, religion
and generation

which, happily, gave her a bigger playing field than most
(she kept her predilection for big tits quiet because it was un-feminist to
isolate body parts for sexual objectification)
Dominique was more selective and monogamous, serially so, she went
for actresses, usually blonde, whose microscopic talent was overshadowed
by their macroscopic beauty
or models whose looks were their talent
women-only bars were their hangouts
Fallen Angel, Rackets, the Bell, the Drill Hall Theatre bar on a Monday
where the lesbianarati hung out, and Pearl’s shebeen in Brixton on a Friday
night run by Pearl, a middle-aged Jamaican woman who stripped her
basement of furniture, set up a sound system and charged at the door
Amma experienced commitment to one person as imprisonment, she
hadn’t left home for a life of freedom and adventure to end up chained to
another person’s desires
if she slept with a woman more than two or three times, they usually
went from attractively independent to increasingly needy
within the space of a week
she’d become their sole source of happiness as they moved to assert
their authority over her autonomy, by any means necessary
sulks, tears, accusations of selfishness and heartlessness
Amma learnt to head all women off, to state her intentions upfront, to
never sleep with the same person twice, or pushing it, thrice
even when she wanted to
sex was a simple, harmless, human pleasure and until her late thirties
she got a lot of it
how many were there? one hundred, another fifty? surely not more than
that? a couple of friends suggested she try therapy to help her settle down,
she replied she was practically a virgin compared to male rock stars who
boasted conquests of thousands and were admired for it
did anyone tell them to go and get psychoanalysed?",Girl_Woman_Other_2_1
565747_21_39,"By citing her as a source, he’d endorsed her outdated, distorted
definition of rape. We know that acquaintance rape is far more common
than stranger rape. When we undercut the severity of acquaintance rape, or
drunk rape that happens at parties, healing becomes largely delayed, the
recovery process butchered, the predator undeterred. Brock’s mother wrote, My first thought upon wakening every morning is
“this isn’t real, this can’t be real. Why him? Why HIM? WHY? WHY?” I
have never wondered why me. The only thing running through my head
when my sister picked me up that morning was, Thank God me. Thank God

me and not her, not Julia, not an eighteen-year-old who would’ve had to
forgo her schooling.",Know_My_Name_21_39
917330_27_16,"You said you’d found more cases.”
“I’ve found three other women who were murdered under such similarly strange circumstances and they could have
been on Harriet’s list. The first is a young woman named Liv Gustavsson. She was twenty-two and lived in Farsta. She
was a horse-loving girl—she rode in competitions and was quite a promising talent. She also owned a small pet shop
with her sister. She was found in the shop. She had worked late on the bookkeeping and was there alone. She must
have let the killer in voluntarily. She was raped and strangled to death.”
“That doesn’t sound quite like Harriet’s list, does it?”
“Not exactly, if it weren’t for one thing. The killer concluded his barbarities by shoving a parakeet up her vagina and
then let all the animals out into the shop.",The_Girl_With_The_Dragon_Tattoo_27_16
340849_4_66,"And the
fact that he was jacking off in bed is pure coincidence. You can't take a guy that
the whole community knows as a good guy and convince anyone that he raped
his daughter and she shot him in self-defense. As a matter of fact, I talked to his
partner today, and he said pretty much the same thing I did. I
didn't share the evidence with him, but I asked him what he thought must
have happened. The idea that John Adams would do anything to harm his child,
and I didn't even say what you thought it might have been, horrified him. He said
the guy adored his wife, and his kid. He said he lived for them, never cheated on
his wife, spent every night with them, and was devoted to his wife till the day
she died. He said that the kid was always a little strange, very unfriendly and
withdrawn, didn't have many friends. And wasn't that keen on her father.""
""There goes your theory that she was out with her boyfriend.""
""She doesn't have to have a regular to go out and give it away for half an
hour, does she?""

""You just don't see it, do you?"" Molly said angrily. How could he be so blind and stubborn?",malice_4_66
917330_19_6,"Then she took two more sleeping pills and went back to bed. She did not feel like getting up until Tuesday. She went out and bought a big box of Billy’s Pan Pizza, stuck two of
them in the microwave, and filled a thermos with coffee. She spent that night on the Internet, reading articles and
theses on the psychopathology of sadism. She found one article published by a women’s group in the United States in which the author claimed that the sadist
chose his “relationships” with almost intuitive precision; the sadist’s best victim was the one who voluntarily went to
him because she did not think she had any choice. The sadist specialised in people who were in a position of
dependence. Advokat Bjurman had chosen her as a victim. That told her something about the way she was viewed by other people. On Friday, a week after the second rape, she walked from her apartment to a tattoo parlour in the Hornstull district. She had made an appointment, and there were no other customers in the shop.",The_Girl_With_The_Dragon_Tattoo_19_6
630140_30_10,"At least you saved us a long trip with
disappointment at the end.”
“You mean you believe him? Just like that? He tells you a big story and
you just … you buy it?”
“Harold, why would he lie? For what gain?”
“Well, how do I know what he’s got on his mind?” Harold asked
truculently. “Murder, could be. Or rape.”
“I don’t believe in rape myself,” Stu said mildly. “Maybe you know
something about it I don’t.”
“Stop it,” Fran said. “Harold, won’t you try not to be so awful?”
“Awful?” Harold shouted. “I’m trying to watch out for you—us—and
that’s so bloodydamn awful?”
“Look,” Stu said, and brushed his sleeve up. On the inside of his elbow
were several healing needle marks and the last remains of a discolored
bruise.",The_Stand_30_10
340849_4_30,"""Because if you don't tell someone, Grace, you could end up in prison for a
lot of years, and that's wrong if you were trying to defend yourself. What did he
do to you, Grace, to make you shoot him?""
""I don't know. Maybe I was just upset about my mother."" She was squirming
in her seat, and looked away as she said it. ""Did he rape you?"" Grace's eyes opened wide and she looked at her at the
question. And her breath seemed short when she answered. ""No. Never.""
""Did he ever have intercourse with you? Have you ever had intercourse with
your father?"" Grace looked horrified. She was coming too close, much too close. She hated this woman. What was she trying to do?",malice_4_30
340849_10_56,"Even

for Grace, going to St. Mary's every week was like a light shining in the
darkness. It was a place where souls were restored, and people were made whole
again, as whole as they ever would be. Just helping them helped her. It made her whole life worth something just to go
there. She had volunteered for three shifts a week of seven hours each, which
was a tremendous commitment. But it was a place where Grace felt at peace
herself, and where she could bring peace to others. The women there had experienced many of the same things she had, and so had
the children. There were pregnant fourteen-year-olds who had been raped by
their fathers or brothers or uncles, seven-year-olds with glazed eyes, and women
who didn't believe they would ever be free again. They were the victims of violence, and most of the time of abusive husbands. Many of them had been abused as children, too, and they were continuing to
perpetuate the cycle for their own children, but they had no idea how to break it.",malice_10_56
330562_15_11,"It was something I noticed Len
Fenerman did too. When he was off duty he would note the
young girls and elderly women and every other female in the rainbow in between and count them among the things that sustained
him. That young girl in the mall whose pale legs had grown too

Alice Sebold

long for her now-too-young dress and who had an aching vulnerability that went straight to both Len’s and my own heart. Elderly
women, wobbling with walkers, who insisted on dyeing their hair
unnatural versions of the colors they had in youth. Middle-aged
single mothers racing around in grocery stores while their children pulled bags of candy off the shelves. When I saw them, I
took count. Living, breathing women. Sometimes I saw the
wounded — those who had been beaten by husbands or raped by
strangers, children raped by their fathers — and I would wish to
intervene somehow. Len saw these wounded women all the time. They were regulars at the station, but even when he went somewhere outside his
jurisdiction he could sense them when they came near.",The_Lovely_Bones_15_11
37865_71_2,"It smelled like clay mixed
with oil and made him think of an eyeless, mouthless demon called the
Golem, a clay man that renegade Jews were supposed to have raised in the
Middle Ages to save them from the goyim who robbed them and raped their

women and then sent them packing. Mike thought of the dry smell of
feathers in a dead nest. When they finally reached the end of the narrow pipe, they slithered like
eels down the curved surface of another which ran at an oblique angle to the
one they had been in, and found they could stand up again. Bill felt the
heads of the matches left in the book. Four. His mouth tightened and he
resolved not to tell the others how close they were to the end of their light ...
not unless he absolutely had to. “Huh-Huh-How you g-g-guys d-doin?”
They murmured replies, and he nodded in the dark. No panic, and no
tears since Stan’s. That was good. He felt for their hands and they stood
together in the dark that way for awhile, both taking and giving from the
touch.",It_71_2
223085_20_4,"After a moment, the man asked quietly, ‘Where did you learn to be
this way? I know the Ludlucks. They’re hard folk, tight with a coin and
ruthless in a bargain. But they’re decent. The Ludlucks I’ve known didn’t
have rape or murder in them. Where does it come from in you?’
‘Perhaps the Ludlucks I knew weren’t so fastidious. I’ve known rape and
murder aplenty, Brashen, right on my deck where you’re standing.’ And
perhaps I am more than a thing shaped by the Ludlucks. Perhaps I had form
and substance long before a Ludluck set a hand to my wheel. Brashen was silent. The storm was rising.",Liveship_Ship_of_Destiny_20_4
917330_29_51,"“That’s right. The plan was to visit the archive and then go to Stockholm,” Blomkvist said. “I didn’t know she stayed
there so long.”
“Stop all this crap, Mikael. The archives manager rang to tell me that Dirch had let the girl stay there as late as she
liked. Which means she’ll certainly be home. The night watchman is going to call me when she leaves.”

PART 4

Hostile Takeover
JULY 11 TO DECEMBER 30
Ninety-two percent of women in Sweden who have
been subjected to sexual assault have not reported
the most recent violent incident to the police. CHAPTER 24
Friday, July 11–
Saturday, July 12
Martin Vanger bent down and went through Mikael’s pockets. He took the key. “Smart of you to change the lock,” he said. “I’m going to take care of your girlfriend when she gets back.”
Blomkvist reminded himself that Martin was a negotiator experienced from many industrial battles.",The_Girl_With_The_Dragon_Tattoo_29_51
565747_6_66,"Yet now I felt I was being upheld to an impossible standard of purity,
worried that failing to meet it would justify Brock raping me. His attorney
would simplify, generalize, and mislabel my history. In other blackouts, I was responsible for acting a fool. But waking up to
an empty McDonald’s bag and crumbs on my chest was different than
waking up with dried blood and clothes missing. In the obscurity of the
blackout lived a pivotal difference. Rape required inflicting harm on
somebody. The moment I was violently dragged into his story, my story

stopped. When I was finally out of his hands, or rather when his hands
slipped out of me, I was released back into my life. But it was during that
brief passing over, that period where he took the reins, where I lost
everything. • • •
I began showing up to work later and later, sometimes coming in at noon
with no explanation.",Know_My_Name_6_66
876008_18_33,"You know what that gift was?” She tipped her
head toward Mad. “You.”

Madeline rolled her eyes slightly. This was the sort of thing adults said
when they were trying to paper over something darker. She’d once heard
Wakely tell a librarian that although her cousin, Joyce, had died—dropped
dead in the middle of the A&P clutching her heart—Joyce had not suffered. Really? Did anyone ask Joyce? “And then what happened?”
What happened? Frask thought. Well, I spread vicious rumors about
your mother, which culminated in her firing, which led directly to her state
of penury, which led to an eventual return to Hastings, which led to your
mother screaming at me in the women’s bathroom, which led to the
discovery that we’d both been sexually assaulted, which led to our inability
to get our PhDs, which led to unfulfilling careers in a company led by a
handful of incompetent assholes. That’s what happened.",Lessons_in_Chemistry_18_33
565747_15_6,"I rubbed it beneath my bloated eyes, smelled the
earthy pulp. I rinsed my mouth, draining my head of mucus, spitting,
blowing my nose. Looking in the mirror, a small laugh tumbled out of me. I realized this was it, rock bottom, I was touching the bottom. It could
not get any worse. I was standing in a ratty bathroom with single-ply toilet
paper in the middle of my rape trial. My dignity had diminished, my
composure gone to shit. Everything I feared would happen happened, was
happening. Now there was nothing to do but slowly crawl back out. When
Myers opened the door, the compass in my body led me back to my seat.",Know_My_Name_15_6
917330_15_49,"Only later did she find

out that “Reclaim the Streets” was holding a demonstration farther down the road. Visiting the offices of those visor-clad brutes to file a report against Nils Bjurman for sexual assault did not even
cross her mind. And besides—what was she supposed to report? Bjurman had touched her breasts. Any officer would
take one look at her and conclude that with her miniature boobs, that was highly unlikely. And if it had actually
happened, she should be proud that someone had even bothered. And the part about sucking his dick—it was, as he
had warned her, her word against his, and generally in her experience the words of other people weighed more heavily
than hers. The police were not an option. She left Bjurman’s office and went home, took a shower, ate two sandwiches with cheese and pickles, and then sat
on the worn-out sofa in the living room to think. An ordinary person might have felt that her lack of reaction had shifted the blame to her—it might have been another
sign that she was so abnormal that even rape could evoke no adequate emotional response.",The_Girl_With_The_Dragon_Tattoo_15_49
339707_11_70,"Many people had
adopted French or English names by that time, too, or had been baptized
and received thereby the name of a Catholic saint. It was my mother’s task
to parse the ever more complicated branching and interbranching tangle of
each bloodline. Through the generations, we have become an impenetrable
undergrowth of names and liaisons. At the tip of each branch of course the
children are found, those newly enrolled by their parents, or often a single
mother or father, with a named parent on the blank whose identity if known
might shake the branches of the other trees. Children of incest, molestation,
rape, adultery, fornication beyond reservation boundaries or within, children

of white farmers, bankers, nuns, BIA superintendents, police, and priests. My mother kept her files locked in a safe. No one else knew the
combination of the safe and there was now a backlog of tribal enrollment
applications piled up at her office. Special Agent Bjerke was in our kitchen the next morning to approach the
problem of questioning my mother about the particular file. Would it help if we had a woman? To talk?",The_Round_House_11_70
340849_11_28,"Watch it. I don't trust him.""
""That's nonsense. He told me all about that. She was sixteen and she looked
twenty-five. And according to Marcus, she practically raped him.""
Marcus had told her she had practically torn his clothes off: It had been four
years earlier and he had been naive and foolish. And he had seemed genuinely
embarrassed when he told her. ""She was thirteen, and her father tried to have him put in jail,""
Marjorie said sternly. She didn't like stories like that. There were lots of stories
of abuse of young models. ""Supposedly, Marcus bought his way out of it.",malice_11_28
223085_21_95,"Ronica had had a gift for sorting
out such things. And a gift for making her think. Ronica’s words kept coming back to her. She could be shaped by her past without being trapped by it. At one time, she
had considered those words only in light of her rape. Now she leaned back in
her chair and opened her mind to a wider interpretation. Satrap’s Companion. Must that determine her future? Or could she set it aside and become a
woman of Bingtown, standing independent? ‘I hate to rush you,’ Grag apologized as he entered Reyn’s guest chamber with
an armload of clothes.",Liveship_Ship_of_Destiny_21_95
565747_6_6,"I had spent two
weeks pumping my wings, keeping a calm face, to protect my flock from
brutal conditions. But resilience required rest. For the next eight months I
was going to fall back. The most important thing to remember was that to
be at the rear, to be slower, did not mean you were not a leader. The next day, a lemon pie sat on the counter next to a note. In the hushed
hours of morning while I’d been sleeping, my dad had picked lemons from
the backyard, boiled sugar and eggs over the stove, pressed fingertips into
crust along the edge, sprinkled powdered sugar on top. I brought it into
work to share. I sat at my desk with my yellow slice and opened my
browser. Stanford swimmer denies alleged rape. I almost choked, felt I’d been
slapped hard in the chest.",Know_My_Name_6_6
565747_6_57,"It scared me the way he looked at me so

intensely. I watched him adding it up in his head, clicking his laptop shut,
climbing onto the bed. We sat inside a mass of silence. Were you raped?The
way he said it out loud, the bluntness of it, shocked me, the words too
strong. I shook my head. I don’t remember. He laid back in the pillows, staring straight ahead, somewhere distant. What happened, he asked. Nothing, I said. That’s not nothing, he said.",Know_My_Name_6_57
630140_24_12,"She stopped screaming and looked at him. She made a flicking gesture
with her hand, as if he was a bothersome fly. “You better stop,” he said, “or I really will leave you.”
She only looked at him. He couldn’t meet her eyes and so dropped his
gaze, hating her for making him do that. “All right,” he said, “have a good time getting raped and murdered.”
He shouldered the rifle and started off again, now angling left toward the
car-packed 495 entrance ramp, sloping down toward the tunnel’s mouth. At
the foot of the ramp he saw there had been one hell of a crash; a man
driving a Mayflower moving van had tried to butt his way into the main
traffic flow and cars were scattered around the van like bowling pins. A
burned-out Pinto lay almost beneath the van’s body. The van’s driver hung
halfway out of the cab window, head down, arms dangling. There was a fan
of dried blood and puke sprayed out below him on the door. Larry looked around, sure he would see her walking toward him or
standing and accusing him with her eyes.",The_Stand_24_12
340849_13_11,"She didn't even waste time putting her bra on. She felt too sick to
worry about it. Her head was both pounding and reeling. ""I can't explain it, that's all,"" she said in answer to his accusations. She was too sick to discuss it, and she kept having the feeling that something

terrible had happened. She remembered kissing him, and his saying things to her, and for some reason
she remembered lying there with him, but she couldn't remember anything else. She kept hoping it was all a nightmare induced by too much wine on an empty
stomach. She kept having flashes of him tantalizing her with his body. But she
had no memory of his raping her. And she was almost certain that he hadn't.",malice_13_11
223085_51_37,"‘Kennit raped me. He kept coming into my
room, pretending kindness and kissing me, and then…And my ship, he’s been
holding my ship down under where she couldn’t see or feel the wind…’
Jek looked at Wintrow over Althea’s bent head, horrified at her friend’s
rambling state. ‘You’ll be all right now,’ she said faintly. Her eyes were
uncertain. ‘Vivacia is asking for you, right now,’ Wintrow told her hastily. It was the
most comforting thing he could think to say. ‘She wants you to come to her
right away.’
‘My ship,’ Althea half-sobbed. She staggered free of Jek’s embrace and
careened down the hallway. ‘What’s wrong with her?’ Jek demanded of Wintrow. Cold fury was in her
eyes.",Liveship_Ship_of_Destiny_51_37
573619_14_26,"Jane rebels
against Rochester’s narrative of her inhumanity, especially in her famous
line: “I am no bird; and no net ensnares me: I am a free human being with
an independent will.” But at the end of the story, reader, she marries him,
and at their romantic reunion he still asks if she is just a ghostly apparition;
he still does not believe in her full humanity. As a child who was experiencing abuse from my father, I could already
recognize the cycle of abuse, and I knew that it would be all too easy for
Rochester to come to despise the new bride that he idolizes in that moment. I already knew how dangerous the stories men tell about women can be. The stories women tell ourselves about the men we love can be
dangerous, too. I refused to see the abuse in my life, several times over,
because I loved my abusers; when I trained as a rape crisis counselor, I saw
many survivors do the same thing. Sometimes survivors refuse to
acknowledge their own pain out of love for those who hurt them. All too
often, the people around them refuse to believe them, because of that same
love. Jane Eyre, of course, is one of the most iconic stories about a woman told
by a woman. I’ve had more writer’s block for this book than any of my
others, purely because I kept getting offended by my own
presumptuousness. Several of the friends I respect the most count Mr.
Rochester among their all-time literary loves.",Reader_I_Murdered_Him_14_26
565747_13_86,"How could you see this
headline and keep walking? We’d deadened to the severity, too familiar a
story. But this story was not old to me yet. A word came to my mind, another. I remember, after learning of the
third suicide at school, people shook their heads in resignation, I can’t
believe there’s been another. The shock had dimmed. No longer a bang, but
an ache. If kids getting killed by trains became normalized, anything could. This was no longer a fight against my rapist, it was a fight to be
humanized. I had to hold on to my story, figure out how to make myself
heard.",Know_My_Name_13_86
340849_13_29,"It's kind of embarrassing, but you ought to know. Maybe he just played around a little bit, or he could have done a lot worse while
you were out cold. At least you should know it.""
""I think I'd remember ... I remember being scared and telling him not to.""
""So does every rape victim in the world. It doesn't stop anyone if they don't want
to stop. Wouldn't you feel better knowing for sure? And if he did rape you, you could press charges."" And then what? Start the nightmare all over again? She dreaded that, dreaded the attention, the
stories in the news. Secretary accuses fashion photographer of rape ... . he says
she wanted it, posed for nude photographs ... the very thought of it made her skin
crawl.",malice_13_29
223085_51_1,"Her wild accusations of rape and strange talk of a buried ship
stirred deep fears for her sanity. He should never have let Kennit prevent him
from seeing her. The isolation had not rested her, but had left her alone with
her grief. How could he have been so stupid? But Etta wept on, and he could not leave her. Why had Althea’s crazed
words affected Etta like this? Then the answer came to him: She was
pregnant. Women always behaved strangely when they were pregnant. He felt
almost giddy with relief. He put his arm around her and spoke by her ear.",Liveship_Ship_of_Destiny_51_1
281771_8_27,"But as I put it in her hand I saw she had put on a Black leather
glove, the ﬁngers of which were traced with small emeralds. She
bid me turn around and part my legs and show her my anus. I
obeyed at once, and immediately felt the shock of those leather
sheathed ﬁngers opening my anus. ""As I told you, I had been raped and washed out repeatedly by
my crude captors in the kitchen. Yet this was a new exposure to me,
to be opened thus by her, and so simply and thoughtlessly, without
the violence of rape. It made me feel softened with love and weak
and totally her possession. At once I realized she was forcing the
gold ball which I had retrieved into my anus. And now she
instructed me that I was to hold it inside me, unless I wanted her
ﬁerce displeasure. ""I had no to fetch another. The paddle came at me quickly.",The_Claiming_of_Sleeping_Beauty_8_27
630140_63_24,"A low moan came from her. “Larry, if you knew—”
“Well, I don’t. Why don’t you try telling me instead of … of raping me?”
“Rape!” she repeated, laughing shrilly. “Oh, that’s funny! Oh, what you
said! Me! Rape you! Oh, Larry!”

“Whatever you want from me, you could have had. You could have had it
last week, or the week before. The week before that I asked you to take it.",The_Stand_63_24
131302_8_5,"You didn’t do anything
—” She raised her hand when she saw him about to interrupt. “Nothing you
could’ve done deserves this.”
Kihrin reached for his wine cup with unsteady hands. “You talk like that
demon raped me.”
Morea blinked. “Didn’t he? I assumed—”
Kihrin flinched, and almost dropped the cup. He set it down awkwardly
on the table and drew his legs up onto the chair, so his arms wrapped

around his thighs, his head resting on his knees. He hugged himself and
trembled. Morea stretched a hand toward him. “Don’t touch me,” he said with a muffled voice. “Please don’t.",The_Ruin_of_Kings_8_5
37865_58_29,"The other members of the Board are the descendants of the lumber
barons. Their support of the library is an act of inherited expiation: they
raped the woods and now care for these books the way a libertine might
decide, in his middle age, to provide for the gaily gotten bastards of his
youth. It was their grandfathers and great-grandfathers who actually spread
the legs of the forests north of Derry and Bangor and raped those greengowned virgins with their axes and peaveys. They cut and slashed and striptimbered and never looked back. They tore the hymen of those great forests
open when Grover Cleveland was President and had pretty well finished the
job by the time Woodrow Wilson had his stroke. These lace-ruffled ruffians
raped the great woods, impregnated them with a litter of slash and junk
spruce, and changed Derry from a sleepy little ship-building town into a
booming honky-tonk where the ginmills never closed and the whores turned
tricks all night long. One old campaigner, Egbert Thoroughgood, now
ninety-three, told me of taking a slat-thin prostitute in a crib on Baker Street
(a street which no longer exists; middle-class apartment housing stands
quietly where Baker Street once boiled and brawled). “I only realized after I spent m‘spunk in her that she was laying in a pool
of jizzum maybe an inch deep. Stuff had just about gone to jelly. ‘Girl,’ I
says, ‘ain’t you never cared for y‘self?’ She looks down and says, ‘I’ll put
on a new sheet if you want to go again.",It_58_29
565747_21_52,"Philando’s officer had testified, I thought, I was gonna die, and I thought
if he’s, if he has the, the guts and the audacity to smoke marijuana in front
of the five-year-old girl and risk her lungs and risk her life by giving her
secondhand smoke and the front seat passenger doing the same thing, then
what, what care does he give about me? In his testimony, I heard the
familiar expectation that a victim be flawless, in order to be worthy of life. The audacity to smoke marijuana provided sufficient reason to die. The
defense calling me a party animal meant I, too, deserved to be raped. Brock had written in his statement: Coming from a small town in Ohio, I
had never really experienced celebrating or partying that involved alcohol. A search warrant was obtained for Brock’s phone, uncovering texts the
summer before college, photos of him drinking liquor, smoking from a pipe,
a bong: Do you think I could buy some wax so we could do some dabs? Dabs being a highly concentrated form of cannabis. Oh dude I did acid with
Kristian last week. Texts from friends, I’ve got a hankerin for a good acid
trip. I’m down for sure.",Know_My_Name_21_52
340849_15_11,"You touch me, and you'll be doing time for rape, and don't think I wouldn't do it. Now don't ever come near me again."" She flung him away from her, and he

watched without a word, as she grabbed her bag and strode out of his office,
banging the door hard behind her. It was over. It was all history. The moment
Molly had promised her years ago had come. Her life was her own now. Chapter 9. Leaving Marjorie was hard for Grace, she was the | only friend Grace really had. And leaving the people at St. Mary's was sad too. Paul Weinberg wished her
luck, and told her that he was getting married over Christmas.",malice_15_11
565747_21_9,"Sexual assault is stealing. One-sided wants,
the feeling of overriding the other. Real sex was meant to be exchange, the
power shifting back and forth, responsive and fluid and playful. The
pleasure of paying attention, actively engaging with your partner. DA: So the answer to my question is, you didn’t think about her? Brock: I think it was impossible for me to think about her. The pivotal question throughout the trial was whether or not consent was
issued. Yes or no. We act as if there is a single traffic light, red or green. But
sex is a road lined with intersections, which way to go, when to slow down,
to yield, to stop, to speed up.",Know_My_Name_21_9
565747_13_9,"Heads turned
as I came in, I didn’t know where to put my gaze. I switched the blue
wiener dog to my left hand, so I could raise my right hand to be sworn in. I
said, I do. Words I thought I’d speak first at my wedding, not my rape trial. I felt the eyes taking me in. I wondered if they were surprised I was Asian,
if I looked like a woman, or a girl, if I appeared mundane, less pretty than
imagined, why didn’t he choose someone better looking, stop, what are you
thinking, be quiet. As I stepped toward the witness stand I wanted to keep
walking and walking, but when I touched the back of my chair, I sat to face
forward, here I am. I was told to make myself comfortable. I did not understand what that
meant; I tried lifting my chair to scoot it forward, everyone watching as I
thrust haltingly forward an inch or two. Alaleh reminded me to speak loudly
and clearly.",Know_My_Name_13_9
223085_52_40,"Anger could be focused
outward. Grief corroded from within. She could not let the matter go. The rape made no sense, served no logic. She could not argue with that. It was the act of a mad man, but civil and
shrewd Captain Kennit was certainly not mad. So what had happened? Images of Devon and Keffria were mixed with her memories of the attack. Could it have been what he said, a twisted poppy-induced dream? The ship
had tried to placate her by suggesting that perhaps it had been some other
crewman.",Liveship_Ship_of_Destiny_52_40
340849_4_83,"She had already given up everything, all hope, even her own life
seemed unimportant to her. And Molly wanted to change it. ""She's sane,"" Molly confirmed to him, ""deeply depressed and not without
neurosis, but I think for good reason. I think he was abusing her, sexually and
otherwise."" She described the kind of internal damage and bruises they had
found, and her state of mind when Molly saw her. ""She swears he never touched her. I don't believe her. I think he raped her that
night, and I think he'd done it before, maybe even for a long time, and maybe
without her mother there, she'd lost her only protection and she panicked. He did
it again, and this time she lost it and shot him. He had to be right on top of her for her to shoot him at that range. Think of it, if he'd been lying on top of her, raping her, and she had the gun, it
would have been just that kind of range when she shot him.""
""Has anyone else thought of that?"" He was intrigued now.",malice_4_83
339707_30_9,"Afterword

This book is set in 1988, but the tangle of laws that hinder prosecution of
rape cases on many reservations still exists. “Maze of Injustice,” a 2009
report by Amnesty International, included the following statistics: 1 in 3
Native women will be raped in her lifetime (and that figure is certainly
higher as Native women often do not report rape); 86 percent of rapes and
sexual assaults upon Native women are perpetrated by non-Native men; few
are prosecuted. In 2010, then North Dakota senator Byron Dorgan
sponsored the Tribal Law and Order Act. In signing the act into law,
President Barack Obama called the situation “an assault on our national
conscience.” The organizations highlighted in boldface below are working
to restore sovereign justice and ensure safety for Native women. Thank you to the many people who advised me as I wrote this book: Betty
Laverdure, former tribal judge, Turtle Mountain Reservation; Paul Day,
Gitchi Makwa, former tribal judge, Mille Lacs, and executive director of

Anishinabe Legal Services; Betty Day, wisdom keeper and doulah; Peter
Meyers, Psy.D., forensic psychologist; Terri Yellowhammer, former child
welfare consultant for the state of Minnesota, and technical assistance
specialist and associate judge for White Earth Ojibwe; N. Bruce Duthu,
Dartmouth College, author of American Indians and the Law; the members
of Professor Duthu’s Native American Law and Literature class; the
Montgomery Fellow Program at Dartmouth College, and Richard
Stammelman; Philomena Kebec, staff attorney for the Bad River Band of
Lake Superior Chippewa Indians; Tore Mowatt Larssen, attorney; Lucy
Rain Simpson, Indian Law Resource Center; Ralph David Erdrich, R.N.,
Indian Health Service, Sisseton, South Dakota; Angela Erdrich, M.D.,
Indian Health Board, Minneapolis; Sandeep Patel, M.D., Indian Health
Service, Belcourt, North Dakota; Walter R. Echo-hawk, author of In the
Courts of the Conqueror: The Ten Worst Indian Law Cases Ever Decided;
Suzanne Koepplinger, executive director of Minnesota Indian Women’s
Resource Center, who gave me the report she coauthored with Alexandra
“Sandi” Pierce, “Shattered Hearts: The Commercial and Sexual
Exploitation of American Indian Women and Girls in Minnesota”; Darrell
Emmel, TNG consultant; my copy editor, Trent Duffy; Terry Karten, my
editor at HarperCollins; Brenda J. Child, historian and chair of the
American Indian Studies Department at the University of Minnesota; Lisa
Brunner, executive director of Sacred Spirits First Nation Coalition; and
Carly Bad Heart Bull, attorney. Additional thanks are due to Memegwesi;
chi-miigwech to Professor John Borrows, whose most recent book,
Drawing Out Law: A Spirit’s Guide, helped greatly in my understanding the
process of wiindigoo law, as did Hadley Louise Friedland’s 2010 thesis
“The Wetiko (Windigo) Legal Principles: Responding to Harmful People in
Cree, Anishinabek and Saulteaux Societies.”

My cousin Darrell Gourneau, who died in 2011, gave his eagle feather, his
songs, and his hunting stories. His mother, my aunt Dolores Gourneau, gave
me his quilt for my writing chair.",The_Round_House_30_9
630140_45_19,"Dayna and Damon had begun
to privately discuss the possibility of slipping away from Rich some night,
and had begun to believe that their own dreams were the result of Rich
Darliss’s powerful delusion. In Williamstown, they had come around a curve in the highway to
discover a large dump-truck lying on its side in the middle of the road. There was a station wagon and a wrecker parked nearby. “We assumed it was just another smashup,” Dayna said, crumbling a
graham cracker nervously between her fingers, “which was, of course,
exactly what we were supposed to think.”
They got off their cycles in order to trundle them around the dump-truck,
and that was when the four hardcases—to use Rich’s word—opened up
from the ditch. They had murdered Rich and Damon and had taken Dayna
prisoner. She was the fourth addition to what they sometimes called “the
zoo” and sometimes “the harem.” One of the others had been the muttering
Shirley Hammet, who at that time had still been almost normal, although
she had been repeatedly raped, sodomized, and forced to perform fellatio on
all four. “And once,” Dayna said, “when she couldn’t hold on until it was
time for one of them to take her into the bushes, Ronnie wiped her ass with
a handful of barbed wire. She bled from her rectum for three days.”
“Jesus Christ,” Stu said. “Which one was he?”
“The man with the shotgun,” Susan Stern said. “The one I brained.",The_Stand_45_19
565747_2_6,"He said, So now we just have to make sure that this is the right person,
so was this the person that was doing something to you, or trying to do
something to you? Um, but someone was acting really hinky around you. Hinky. I’m trying to be cautious to say that this person is the person. According to the penal code, we can arrest someone based on probable
cause, since rape is a felony, we can arrest someone based on probable
cause to believe that a felony occurred. Even if it didn’t occur. There was subtext that something grave had happened, but every
sentence was capped off with an alternate scenario where I was left
untouched. Even if it didn’t occur. Doing or trying. Hopefully nothing.",Know_My_Name_2_6
565747_20_10,"A man from Australia told me he was
weeping on his porch at three in the morning. For days I was sitting in my
room with my laptop next to a crusty bowl of conjee, in tears. Every
message was pushing me closer to a space in which I was beginning to see
myself more clearly. One of Brock’s former high school classmates, AJ, wrote a post: Finally,
I just want to make a statement for myself. Before all of this, I knew I’d
never forget you. Over 8 years ago, you called me a fag and formulated
opinions about me before knowing who I was. Look where we are now. The
“fag” I am knows how to treat humans, wherever they may fall on the
gender spectrum, with dignity and respect, and you are the face of sexual
assault in the United States of America. I drove to meet Alaleh at the courthouse. She had a sign taped to her
door: #BeTheSwede.",Know_My_Name_20_10
340849_13_31,"""That's something at least."" So all she had to worry about was the pictures. And
what Marjorie had said was reassuring. Even if he had taken pictures of her that
were compromising, if she was recognizable, he couldn't use them without a
release, and if she wasn't, who cared. And with any luck at all, he'd give back the pictures. It was still disgusting to
think he'd taken them if he had, but she was beginning to think he had just staged
the whole thing to punish her for balking at sleeping with him. But the drugs
hadn't helped, they had only made her more frightened ...""Grace, have you ever
been raped?"" the doctor asked, but she already knew the answer when Grace
nodded. ""How old were you?""
""Thirteen ... fourteen ... fifteen ... sixteen ... eventeen ..."" The doctor wasn't sure
what she meant at first. ""You were raped four times?"" That was certainly unusual. Maybe she'd had psychological problems that had led her to put herself at risk
repeatedly, but Grace shook her head with a woeful expression. ""No. I was raped pretty much every day for four years ... by my father ...""
There was a long moment of silence as the doctor absorbed it.",malice_13_31
565747_24_83,"I fought hard during this trial and will not have the
outcome minimized by a probation officer who attempted to evaluate my
current state and my wishes in a fifteen minute conversation, the majority of
which was spent answering questions I had about the legal system. The
context is also important. Brock had yet to issue a statement, and I had not
read his remarks. My life has been on hold for over a year, a year of anger, anguish and
uncertainty, until a jury of my peers rendered a judgment that validated the
injustices I had endured. Had Brock admitted guilt and remorse and offered
to settle early on, I would have considered a lighter sentence, respecting his
honesty, grateful to be able to move our lives forward. Instead he took the
risk of going to trial, added insult to injury and forced me to relive the hurt
as details about my personal life and sexual assault were brutally dissected
before the public. He pushed me and my family through a year of
inexplicable, unnecessary suffering, and should face the consequences of

challenging his crime, of putting my pain into question, of making us wait
so long for justice. I told the probation officer I do not want Brock to rot away in prison. I did
not say he does not deserve to be behind bars. The probation officer’s
recommendation of a year or less in county jail is a soft timeout, a mockery
of the seriousness of his assaults, an insult to me and all women.",Know_My_Name_24_83
951952_19_7,"His face is cut
and bruised, deep reddish-brown bruises; the flesh is swollen and knobby,
stubbled with unshaven beard. This doesn’t look like a face but like an
unknown vegetable, a mangled bulb or tuber, something that’s grown wrong. Even from where I’m standing I can smell him: he smells of shit and vomit. His hair is blond and falls over his face, spiky with what? Dried sweat? I stare at him with revulsion. He looks drunk. He looks like a drunk that’s
been in a fight. Why have they brought a drunk in here? “This man,” says Aunt Lydia, “has been convicted of rape.” Her voice
trembles with rage, and a kind of triumph.",the_handmaids_tale_19_7
951952_20_5,"He wasn’t a
rapist at all, he was a political. He was one of ours. I knocked him out. Put
him out of his misery. Don’t you know what they’re doing to him?”
One of ours, I think. A Guardian. It seems impossible. Aunt Lydia blows her whistle again, but they don’t stop at once. The two
Guardians move in, pulling them off, from what’s left. Some lie on the grass
where they’ve been hit or kicked by accident.",the_handmaids_tale_20_5
340849_4_56,"""He raped you that night, didn't he?""
Grace's eyes flew open wide, and she looked at Molly, and hoped the young
doctor didn't see her tremble. ""No ... of course not ..."" But her breath caught, and she found herself praying
she wouldn't have an asthma attack. This woman already knew too much without
that. ""How can you say such a thing?"" She tried to look shocked but she was
only terrified. What if she knew? Then what? Everyone else would know their ugly secret. Even after their deaths, she still
felt an obligation to hide it. It was her fault too. What would people think of her
if they knew it?",malice_4_56
917330_27_15,". well, non-existent.”
“The verse can be read literally. It’s enough that she ‘approaches’ the animal, which a farmer’s wife would
undeniably do every day.”
“Understood.”
“The next case on Harriet’s list is Sara. I’ve identified her as Sara Witt, thirty-seven, living in Ronneby. She was
murdered in January 1964, found tied to her bed, subjected to aggravated sexual assault, but the cause of death was
asphyxiation; she was strangled. The killer also started a fire, with the probable intention of burning the whole house
down to the ground, but part of the fire went out by itself, and the rest was taken care of by the fire service, who were
there in a very short time.”
“And the connection?”
“Listen to this. Sara Witt was both the daughter of a pastor and married to a pastor. Her husband was away that
weekend.”
“And the daughter of any priest, if she profanes herself by playing the harlot, profanes her father; she shall be burned
with fire. OK. That fits on the list.",The_Girl_With_The_Dragon_Tattoo_27_15
340849_4_58,"""How often had he done that before? You have to tell me."" Her life depended on it now, but Molly didn't want to
say that. ""No, I don't. I'm not going to tell you anything, and you can't prove it,"" Grace

said angrily. ""Why are you defending him?"" Molly asked in total frustration. ""Don't you understand what's happening? You've been charged with
murdering him, they could even decide to charge you with murder in the first
degree, if they can get away with it, and they think you have a motive. You have
to do everything you can to save yourself. I'm not telling you to lie, I'm telling
you to tell the truth, Grace. If he raped you, if he hurt you, if you were abused,
then there were extenuating circumstances.",malice_4_58
917330_30_18,"I stayed with her the whole time and didn’t dare go outside. But there was one thing I had to
take with me—I had written down everything that happened in a diary, and I needed a few clothes. Anita got them for
me.”
“I suppose she couldn’t resist the temptation to look out at the accident scene.” Blomkvist thought for a moment. “What I don’t understand is why you didn’t just go to Henrik, as you had intended.”
“Why do you think?”
“I really don’t know. Henrik would certainly have helped you. Martin would have been removed immediately—probably
sent to Australia for some sort of therapy or treatment.”
“You haven’t understood what happened.”
Up to this point Blomkvist had only referred to Gottfried’s sexual assault on Martin, leaving Harriet’s role out of it. “Gottfried molested Martin,” he said cautiously. “I suspect that he also molested you.”

Harriet Vanger did not move a muscle. Then she took a deep breath and buried her face in her hands. It took five
seconds before Jeff was beside her, asking if everything was all right.",The_Girl_With_The_Dragon_Tattoo_30_18
340849_6_11,"The windows of the bus were covered so
they couldn't see out, and no one could look in, and it was stifling. ""You read about the big drug bust in Kankakee?"" the girl asked Grace after a
while, sizing her up. But there was no mystery to Grace. She was almost what she appeared to be, a very young girl who didn't belong
here. What the other girl couldn't see was how much she had suffered to get
there. But nothing showed on Grace's face as she looked at her, it was as though
the last of her soul had been boarded up when she left David and Molly. And no
one could see inside now. She intended to keep it that way, and with luck, they would leave her alone
once she got to prison. She had heard hideous stories about rape and stabbings while she was in jail,
but she forced herself not to think of that now. If she had lived through the last
four years, she could make it through the next two.",malice_6_11
223085_16_28,"Neither did my father. He brought
me up to believe slavery was wrong. There is no Vestrit tattoo, and there are
no Vestrit slaves. What was done to you was done by Kyle Haven, not my
family.’
‘Slide away from it, right? Like your little priest-boy. He had to know
what was being done to us. That damn Torg. He’d come amongst us at night
and rape the women right in front of us. Killed one of them. She started
screaming and he stuffed a rag in her mouth.",Liveship_Ship_of_Destiny_16_28
917330_14_30,"Then he smiled when he realised that Blomkvist was looking for some sort of connection. “No, that’s not why I mentioned it. I’m talking about the soul of a policeman. The Rebecka case was something that
happened before Harriet Vanger was even born, and the statute of limitations has long since run out. Sometime in the
forties a woman was assaulted in Hedestad, raped, and murdered. That’s not altogether uncommon. Every officer, at
some point in his career, has to investigate that kind of crime, but what I’m talking about are those cases that stay with
you and get under your skin during the investigation. This girl was killed in the most brutal way. The killer tied her up
and stuck her head into the smouldering embers of a fireplace. One can only guess how long it took for the poor girl to
die, or what torment she must have endured.”
“Christ Almighty.”
“Exactly.",The_Girl_With_The_Dragon_Tattoo_14_30
131302_23_15,"I’ll kill her before I see her in the arms of another man.” He raised his
sword and hoped Kihrin would call his bluff. He could pretend to kill Talon
easily enough, but he wasn’t ready. “NO!” Kihrin screamed. “Please Father. It’s not her fault. It’s mine. I did
this! I raped her.”
Darzin paused. Kihrin repeated, “I raped her. I was drunk and I .",The_Ruin_of_Kings_23_15
340849_20_2,"Sometimes he beat me anyway, and then
raped me. It was always rape. He loved violence. He loved hurting me, and my
mother. Once when I didn't do it, because. ..."" she blushed, feeling fourteen
again, ""because I had ... my period. ... he beat her so bad, she cried for a week. She already had bone cancer by then, and she almost died of the pain. I did it
anytime he wanted after that, no matter how much he hurt me."" She took a deep
breath. It was almost over now.",malice_20_2
223085_55_72,"Then he looked
down at his wound. He dropped the rag nervelessly and swayed on his feet. Althea kept a firm grip on him as Jek took his other arm with a shake of her
head. She rolled her eyes at Althea. Althea stared after Wintrow. Kennit’s arm was across her nephew’s
shoulders, Wintrow’s arm around his waist as they dragged him along. She
clenched her jaws. That man had raped her and Wintrow had still risked his
own life for him. The Satrap took a gasp of air. Then, ‘Malta!’ he wailed, as a
child would have cried ‘Mama!’ ‘I’m bleeding.",Liveship_Ship_of_Destiny_55_72
466796_14_5,"Pelops’ sons, Atreus and
Thyestes, were born with their grandfather’s ambition, and their crimes
were dark and bloody, as his had been. A daughter raped by her father, a son
cooked and eaten, all in their bitter rivalry for the throne. “It is only now, by the virtue of Agamemnon and Menelaus, that their
family fortune has begun to change. The days of civil war are gone, and
Mycenae prospers under Agamemnon’s upright rule. He has won just
renown for his skill with a spear and the firmness of his leadership. We are
fortunate to have him as our general.”
I had thought Achilles was no longer listening. But he turned now,
frowning. “We are each generals.”
“Of course,” Odysseus agreed. “But we are all going to fight the same
enemy, are we not? Two dozen generals on one battlefield will be chaos and
defeat.” He offered a grin.",The_Song_of_Achilles_14_5
223085_50_19,"‘You heartless beast!’
He feigned bewilderment. ‘Althea, what has come over you?’
‘You raped me!’ she grated hoarsely. Then, her words rising to a shout,
uncaring of who heard, ‘You raped me. You killed my crew and burned my
ship. You killed Brashen! You imprisoned Vivacia! It’s all your doing!’
‘You make no sense. My dear, your mind is unsettled. Calm down! You
don’t want to shame yourself before the whole crew, do you?’
He saw her glance about for a weapon.",Liveship_Ship_of_Destiny_50_19
565747_20_21,"YOU ARE A WARRIOR. Their
courage felt like a birthday gift. I could imagine a mother holding a camera
with one hand, making swatting motions with the other, Jason put the sign
down for one minute, just smile, and Jason saying, Mom! This is important! It meant something to me that they had brought hard truths to a cheery
celebration. I hoped Stanford would soon find you can only sweep so many
humans under the rug, before your rug becomes mountainous and lumpy. Commencement speaker and documentary filmmaker Ken Burns said, If
someone tells you they have been sexually assaulted, take it effing seriously
and listen to them. Maybe someday we’ll make the survivor’s eloquent
statement as important as Dr. [Martin Luther] King’s letter from the
Birmingham jail. A generous comparison. Mr. Rosen proposed a new mandatory prison sentence for those
convicted of sexually assaulting an unconscious or intoxicated person and
expanded California’s definition of rape.",Know_My_Name_20_21
565747_13_98,"Anne would come and sit through
all eight hours every day, for as long as it took. She was the single constant
in all the fluctuation; calm, sharp, a mother, a fighter. When looking into my empty seats I’d have to remind myself there were
plenty of people who cared for me. I wanted to explain that Chanel’s social
life was healthy and well populated, but it was lonely being Emily Doe, my
world much smaller, a shrunken circle of confidants. I wondered how it
happened that I was now spending more time with my rapist than my
friends. It was warm outside, white blossoms fell, reminding me of the white
dots of paper that’d fall when you emptied your hole puncher. I wore my
black down jacket, a sleeping bag that went down to my ankles, less for
warmth, and more for insulation from everything else. One evening a few
old friends from high school were getting tapas. I joined them wearing my
floor-length snow parka, they poked fun, I didn’t mind. I was careful to
gently shift the conversation away from myself.",Know_My_Name_13_98
37865_39_12,"“They
made me twice as smart,” Jimmy had confided to Henry one night after
lights-out. In the row beyond Jimmy, hoeing fanatically and singing the same line
over and over, as always, was the little Frenchman Benny Beaulieu. Benny
had been a firebug—a pyromaniac. Now as he hoed he sang this line from
the Doors over and over: “Try to set the night on fire, try to set the night on
fire, try to set the night on fire, try to—”
It got on your nerves after awhile. Beyond Benny was Franklin D’Cruz, who had raped over fifty women
before being caught with his pants down in Bangor’s Terrace Park. The
ages of his victims ranged from three to eighty-one. Not very particular was
Frank D’Cruz. Beyond him but way back was Arlen Weston, who spent as
much time looking dreamily at his hoe as he did using it. Fogarty, Adler,
and John Koontz had all tried the roll-of-quarters-in-the-fist trick on Weston
to try and convince him he could move a bit faster, and one day Koontz had
hit him maybe a little too hard because blood came not only from Arlen
Weston’s nose but also from Arlen’s ears and that night he had a
convulsion. Not a big one; just a little one.",It_39_12
131302_16_46,"“My thoughts exactly. Someone set us up, you and I. I
wonder if it was an enemy or a friend?”
“Who knew you were going to—do that?”
The Lord Heir scowled. “That’s what I’d like to know. I’m grateful for
the nudge in the right direction of course—honestly we may never have
found you otherwise—but I’d like to know more about my mysterious
benefactor before I start pledging him my vote for the New Year’s Ball.”*
Kihrin stared down into his coffee cup. It was beautifully made, not solid
gold, but paper-thin porcelain with the finest gilding on top. The coffee was
rich and black and he was completely numb. He was sitting here chatting—
chatting—with the man who ordered the deaths of Surdyeh, Morea, and
Butterbelly. The man who had summoned the demon who had raped his
mind. Darzin was talking to him with that pleasant voice and that pretty
face and those fancy clothes, like Kihrin was some kind of old friend, like
Kihrin was .",The_Ruin_of_Kings_16_46
630140_10_31,"Or
does it mean the wait between sentencing and execution? The appeals, the
delays, the stays, the months and years that certain prisoners—Edgar Smith,
Caryl Chessman, and Ted Bundy are probably the most famous—were
forced to spend on various Death Rows? The Supreme Court allowed
executions to recommence in the late seventies, but Death Rows were still
clogged, and that nagging question of cruel and unusual punishment
remained. Okay—in Markham vs. South Carolina, you had a man
sentenced to the electric chair for the rape-murder of three college co-eds. Premeditation was proved by a diary this fellow, Jon Markham, had kept. The jury sentenced him to death.”
“Bad shit,” Lloyd whispered. Devins nodded, and gave Lloyd a slightly sour smile. “The case went all
the way to the Supreme Court, which reconfirmed that capital punishment
was not cruel and unusual under certain circumstances. The court suggested
that sooner was better … from a legal standpoint.",The_Stand_10_31
565747_24_55,"Never mentioned me voicing consent, never mentioned us even speaking, a
back rub. One more time, in public news, I learned that my ass and vagina
were completely exposed outside, my breasts had been groped, fingers had
been jabbed inside me along with pine needles and debris, my bare skin and
head had been rubbing against the ground behind a dumpster, while an erect
freshman was humping my half naked, unconscious body. But I don’t
remember, so how do I prove I didn’t like it. I thought there’s no way this is going to trial; there were witnesses, there
was dirt in my body, he ran but was caught. He’s going to settle, formally
apologize, and we will both move on. Instead, I was told he hired a
powerful attorney, expert witnesses, private investigators who were going to
try and find details about my personal life to use against me, find loopholes
in my story to invalidate me and my sister, in order to show that this sexual

assault was in fact a misunderstanding. That he was going to go to any
length to convince the world he had simply been confused. I was not only told that I was assaulted, I was told that because I couldn’t
remember, I technically could not prove it was unwanted. And that distorted
me, damaged me, almost broke me. It is the saddest type of confusion to be
told I was assaulted and nearly raped, blatantly out in the open, but we don’t
know if it counts as assault yet.",Know_My_Name_24_55
223085_52_35,"How long could
she remain proof against such largesse? Like a caged bird, she must
eventually come fluttering to his hand. She avoided him as much as she could, but Vivacia was not a large ship. From threats of murder and foul names, she had simmered to seething hatred
and murderous looks. He had met all her stares with grieved concern and
solicitous courtesy. Deep inside him, a bizarre merriment bubbled at her
predicament. He had a power over her that he never could have foreseen, even
if he had deliberately created this situation. She believed herself a wronged
victim, but was treated as the hysterical accuser of an innocent man. If she
spoke of the rape, her words were received with pity rather than shared
outrage. Even Jek, who bore him an impersonal hate for the sinking of the
Paragon, had reservations about Althea’s accusations.",Liveship_Ship_of_Destiny_52_35
630140_21_2,"Murder. Rape. Breaking open the heads of old
lady librarians. Some of the inmates wanted to do something to him, and
some of them wanted him to do something to them. He didn’t mind. It
happened after the lights were out. One man with a bald head had said he
loved him—I love you, Donald—and that was sure better than dodging
rocks. Sometimes he would think, just as long as I can stay in here forever. But sometimes at night he would dream of CHEERY OIL, and in the dreams it
was always a single, thundering explosion followed by two others, and the
sound was WHAM! ………..",The_Stand_21_2
565747_4_37,"Later I was at my desk sipping a mug of coffee, scrolling through a
sandwich menu for lunch. I clicked back to the news on my homepage, saw
Stanford athlete, saw raping, saw unconscious woman. I clicked again, my
screen filled with two blue eyes and a neat row of teeth, freckles, red tie,
black suit. I had never seen this man before. Brock Turner. I read he had
been charged with five felony counts: rape of an intoxicated person, rape of
an unconscious person, sexual penetration by a foreign object of an
intoxicated woman, sexual penetration by a foreign object of an
unconscious woman, assault with intent to commit rape. Too many words,
jumbled together. Read it again, slower. I typed into Google, what is a
foreign object. The panic was quiet and slow.",Know_My_Name_4_37
340849_25_16,"She was a movie star, she wanted the attention. She must have wanted what went
with it."" Grace was refusing to see the similarity in their lives. ""And the presumption is that I do too, because I'm a politician.""
She sat in the den with him for an hour and cried, and then she went upstairs and
tried to talk to Abby. But Abby didn't want to hear any of it from her. She had
been flipping the dial, and hearing all the same things in her mother's bedroom. ""How could you do those things?"" Abby sobbed as Grace looked at her in
anguish. ""I didn't,"" Grace said through tears. ""I was miserable, I was alone, I was scared. I
was terrified of him ... he beat me ... he raped me for four years ... and I couldn't
help it. I don't even know if I meant to kill him.",malice_25_16
951952_6_32,"Two-thirty comes during Testifying. Aunt Helena is here,
as well as Aunt Lydia, because Testifying is special. Aunt Helena is fat, she
once headed a Weight Watchers’ franchise operation in Iowa. She’s good at
Testifying. It’s Janine, telling about how she was gang-raped at fourteen and had an
abortion. She told the same story last week. She seemed almost proud of it,
while she was telling. It may not even be true. At Testifying, it’s safer to make
things up than to say you have nothing to reveal. But since it’s Janine, it’s
probably more or less true.",the_handmaids_tale_6_32
565747_2_2,"I was not used to recalling mundane things

so precisely. All the while he was scribbling, giving small nods, working his
way down the legal pad, flip, flip, flip. When I arrived at the part about
standing on the patio, I watched him write LAST SHE REMEMBERS. His
pen clicked off. He looked at me, he was still searching for something. We
were going somewhere and then the road cut off. I didn’t have what he
needed. According to the transcripts, all he said that morning was that a couple
people saw me passed out, deputies arrived, but I remained unresponsive. He said, Because of the nature of, where you were, and your condition, we
always, we have to consider that there was a possibility of some type of
sexual assault. The nature, your condition.",Know_My_Name_2_2
340849_4_93,"""What about the defense?""
""I just don't know. There's no evidence that he attacked her or endangered her
life, unless your rape theories turn out to be correct. Give me a chance, kid. They only assigned me the case two hours ago, and I
haven't even met her yet. They postponed the arraignment till I could see her at
least. It's at nine o'clock tomorrow morning. I thought I'd go over there at five if
I can get out of here by then. Want to come? It might speed things up and break the ice, since she knows
you.""
""I'm not sure she likes me though. I keep pushing her about her father and she
doesn't like it.""
""She's going to like the death penalty even less.",malice_4_93
917330_26_55,"But one case did attract her attention. In June 1962 a prostitute by the name of Lea Persson from Göteborg had gone to Uddevalla to visit her mother and
her nine-year-old son, whom her mother was taking care of. On a Sunday evening, after a visit of several days, Lea had
hugged her mother, said goodbye, and caught the train back to Göteborg. She was found two days later behind a
container on an industrial site no longer in use. She had been raped, and her body had been subjected to
extraordinary violence. The Lea murder aroused a great deal of attention as a summer serial story in the newspaper, but no killer had ever
been identified. There was no Lea on Harriet Vanger’s list. Nor did the manner of her death fit with any of Harriet’s
Bible quotes. On the other hand, there was such a bizarre coincidence that Salander’s antennae instantly buzzed. About ten yards
from where Lea’s body was found lay a flowerpot with a pigeon inside.",The_Girl_With_The_Dragon_Tattoo_26_55
281771_9_24,"""And when I didn't she took her paddle now, and withdrawing
the instrument of rape, she proceeded, as she kept her face next to
mine, her eyelashes tickling the side of my face, to spank me
soundly. Of course I was already sore as we all are, always, and her
blows were very hard, and they were without rhythm. She caught
me oﬀ guard and when I winced and groaned, all the girls laughed
appreciatively. ""My cock was slapped by others. My nipples twisted by them,
but she had clearly shown her supremacy. 'You will beg me for
mercy, Prince Alexi,' she said. 'I am not the Queen, you may beg
me, for all the good it will do you.' They thought all that was
amusing too, and she continued to spank me harder and harder. I
prayed she would break the skin before my will broke, but she was
too clever for that. She spread the blows. She had them lower the
chain slightly, so she could spread my legs even wider.",The_Claiming_of_Sleeping_Beauty_9_24
876008_18_2,"He had the strong feeling that their interview was over, but
then she turned back to him. “As for my undergraduate degree,” she said, “I don’t have one, nor have
I ever claimed I did. My entry into Meyers’s graduate program was based
solely on self-study. Speaking of Meyers,” she said, her voice hard as she
removed the pencil from her hair. “There’s something you should know.”
Then she told him the whole story, explaining that she’d had to leave
UCLA because when men rape women, they prefer women not to tell. Roth swallowed hard. “As for my background, it was my brother who raised me,” she
continued. “He taught me how to read, he introduced me to the wonders of
the library, he tried to shield me from my parents’ devotion to money. The
day we found John hanging from the shed rafters, my father didn’t even
wait for the police to arrive. Didn’t want to be late for a performance.” Her
father, she explained, was a doomsday showman now serving twenty-five
years to life for killing three people as he performed a miracle, the true
miracle being that he hadn’t killed more.",Lessons_in_Chemistry_18_2
563935_3_31,"An employee was found with a female.”
“Who?”
“One of the night guards.”
“There’s nothing I can do about it. They’re not my responsibility.”
“I’m letting you know because I’m going to have to change the
security company again.”
“How did they catch him?”
“The security footage. We’ve started checking it every morning.”
“And the female?”
“He raped her to death. Then he tossed her in one of the group cages
with the others. He didn’t even put her in the right cage, the idiot.”
“What happens now?”
“The FSA has to be called and a police report filed for destruction of
moveable property.”
“The security company will have to reimburse us for the value of the
female.”
“Right, that too, especially because she was an FGP.”
When he gets up to leave, he sees Mari with the coffee. She comes
across as fragile, but he knows that if this woman were told to slaughter
the whole shipment, she’d do it on her own, without a single muscle in
her body trembling. He motions to her to forget the coffee and asks to be

introduced to the job applicants. “They’re in the waiting room, didn’t you
see them when you came in?” she asks, and offers to take him down. He
says he’ll go alone. Two young men are waiting silently.",Tender_is_the_Flesh_3_31
223085_51_36,"‘Althea!’ Jek
exclaimed, and wrapped the smaller woman in her arms, containing her
wildly flailing arms. ‘It’s me, it’s Jek, calm down!’
After a moment, Althea stopped struggling. She threw her head back to
look up at Jek. Her hair was wild, her eyes dilated to black pits. She breathed
the stench of vomit. ‘I have to kill him,’ Althea grated. Her head swayed on
her neck. She clutched at her friend’s shoulder. ‘Promise me you’ll help me
kill him.’
‘Althea, what’s wrong with you?’ Jek turned a furious gaze on Wintrow. ‘What has been done to her?’
‘He raped me,’ Althea gasped.",Liveship_Ship_of_Destiny_51_36
565747_4_25,"I had been there about six months, my
first job out of school. I’d created a semblance of an adult life, waking
earlier, going out less. I entered meetings and office birthdays into my
Google calendar, stacked with lavender- and tangerine-highlighted tabs. I
ordered print cartridges, purchased a sleek white road bike with my first
paycheck, named it Tofu. Tried to minimize the number of exclamation
points I used in formal emails. I had no room for words such as rape, victim, trauma, abrasions,
attorneys in the world I was trying to build. I had my own word bank;
Prius, spreadsheets, Fage yogurt, building credit, trips to Napa, improving
posture. My semblance of an adult life may have been a toothpick-andmarshmallow replica, but it was significant to me, no matter how fragile the
framework. How was your weekend? my coworker said.",Know_My_Name_4_25
565747_10_1,"I loved the teal and pink pebbles,
silver striped minnows, orange billowing cheeks. Then I’d collect my
payment; when people reclined in his cushioned chairs, coins fell out of
their pockets, so I’d stick my hands in the crevices, scooping out pennies
and gum. I wished I was a fish so I could listen to these strangers who trusted my
dad with their secrets. For one hour they could safely unravel and cry and
say the things they would never say in their daily lives, and when time was
up, they’d bind themselves up again, setting off into the hum of the world. But the people I imagined in his office never looked like me; they were
adults who wore ties, women with large purses, finicky hands. I was the one
who fed the fish, never the one in the seat. I called and made an
appointment with a therapist who had worked at Women Organized Against
Rape. A tall building. A sign-in sheet where I scribbled my name illegibly,
afraid to be traced anywhere. A cream-colored couch.",Know_My_Name_10_1
340849_6_26,"Try to escape and you were ""dead meat hanging on the fence,"" or
so they said. They certainly made themselves clear, but there was more to it than
just pleasing them, you had to live with the other inmates too, and they looked as
tough as the guards, or worse, and they had a whole other agenda. ""What about school?"" a girl in the back asked, and everyone jeered. ""How old are you?"" the inmate standing next to her asked derisively. ""Fifteen."" She was another minor, like Grace, who had been tried as an adult,
but they were rare here. Dwight was almost entirely for grown-ups. And surely
for grown-up crimes. Like Grace, the other girl had been accused of murder, she
had plea-bargained it down to manslaughter and saved herself from the death
penalty. She had killed her brother, after he'd raped her. But now she wanted to go to school and get out of the ghetto.",malice_6_26
565747_13_85,"I don’t remember, it was just

too many, too many women on campus had been sexually assaulted. But
what got me was the graphic, rows of woman symbols, the kind you see on
bathroom signs, across the entire page, all gray, with one in five inked red. I saw these red figures breathing, a little hallucination. My whole life
had warped below the weight of the assault, and if you took that damage
and multiplied it by each red figure, the magnitude was staggering. Where
were they? I looked around campus, girls walking with earmuffs, black
leggings, teal backpacks. If our bodies were literally painted red, we’d have
red bodies all over this quad. I wanted to shake the paper in people’s faces. This was not normal. It was an epidemic, a crisis.",Know_My_Name_13_85
565747_5_12,"Dad’s
worried your reading efficiency is behind! As I stared at my house, I
realized it was too small, I could not hide a secret that big, could not drag it
down the hallway and muffle it inside my room. The thought of breaking
the news made my stomach ache. Every time it rained, my dad said, The
plants must be so happy! How would it feel when he’d learn his daughter
had been raped? How to tell them? I would’ve wanted someone to have

looked me in the eye, lowered their voice, gently laid their hand on mine. Perhaps I could do this for them. And what if they were disappointed, what if I’d lost their trust. You’ve
kept this from us the whole time?",Know_My_Name_5_12
223085_51_50,"Jek raised an eyebrow at the trove, then glanced back at Althea. ‘Would
you mind if I looked through it?’
‘I don’t care,’ Althea lied. ‘You’ve already made it obvious you doubt my
story.’
Jek flipped open the lid of the jewellery chest. She spoke as she
considered the glittering contents. ‘You don’t lie, Althea.’ She took a deep
breath and added reluctantly, ‘It’s the circumstances that make me…have
doubts. The whole thing just doesn’t make sense. Why would he rape you? He has a woman of his own, he’s forbidden rape on this ship, and his
reputation is that of a gentleman. Back in Divvytown, no one spoke ill of him. He saw me twice every day, and treated me with courtesy, despite the chains.",Liveship_Ship_of_Destiny_51_50
917330_29_115,"Salander did not need to think about the matter; she had seen the videotapes. She noticed that Blomkvist was
unconsciously touching his neck. “Gottfried hated women and taught his son to hate women at the same time as he was raping him. But there’s also
some sort of undertone . . . I think Gottfried fantasised that his children would share his, to put it mildly, perverted world
view. When I asked about Harriet, his own sister, Martin said: ‘We tried to talk to her. But she was just an ordinary cunt. She was planning to tell Henrik.’ ”
“I heard him.",The_Girl_With_The_Dragon_Tattoo_29_115
917330_26_48,"The murder caused a great stir at the time, and many theories have been presented
about who the guilty party was. A young relative will appear on the show to talk about how his life was destroyed
when he was accused of the murder. 8:00 p.m.
She found more substantial information in the article “The Lovisa Case Shook the Whole Countryside,” which was
published in the magazine Värmlandskultur. All of the magazine’s texts had been loaded on to the Net. Written with
obvious glee and in a chatty and titillating tone, the article described how Lovisa Sjöberg’s husband, the lumberjack
Holger Sjöberg, had found his wife dead when he came home from work around 5:00. She had been subjected to
gross sexual assault, stabbed, and finally murdered with the prongs of a pitchfork. The murder occurred in the family
barn, but what aroused the most attention was the fact that the perpetrator, after committing the murder, had tied her up
in a kneeling position inside a horse stall. It was later discovered that one of the animals on the farm, a cow, had suffered a stab wound on the side of its neck. Initially the husband was suspected of the murder, but he had been in the company of his work colleagues from 6:00
in the morning at a clearing twenty-five miles from his home. It could be verified that Lovisa Sjöberg had been alive as
late as 10:00 in the morning, when she had a visit from a woman friend.",The_Girl_With_The_Dragon_Tattoo_26_48
565747_21_34,"She compared it to being given
Novocain at the dentist; you can’t speak very well but you can still think
fine. Having slurred speech has never stopped somebody from making a
stupid eBay purchase, for example. This should go without saying: Being
raped is not online shopping, and alcohol is not novocaine. If my actions
had been voluntary, isn’t it possible I could’ve voluntarily pushed him
away? Who’s to assume my actions were compliant? I was always reminded they were just doing their jobs. Now I realize,
yeah, maybe this was your job, but it still takes a certain kind of person to
do this job. Trial unveiled terrifying and disorienting realities, increased
levels of acrimony. I became cynical. The torment makes you crazy, makes
you rabid; when people start hacking at my Achilles’, I wanted to swing
back.",Know_My_Name_21_34
37865_65_9,"Not unless the nigger had called
them. So maybe—just maybe—the nigger wasn’t dead. “No,” Henry breathed. He rolled over on his back and stared up at the
sky, at the billions of stars up there. It had come from there, he knew. From
somewhere up in that sky. ... It
(came from outer space with a lust for Earthwomen came to rob all the
women and rape all the men say Frank don’t you mean rob all the men and
rape all the women whoth running this show, thilly man, you or Jesse? Victor used to tell that one and that was pretty much)

came from the spaces between the stars. Looking up at that starry sky
gave him the creeps: it was too big, too black. It was all too possible to
imagine it turning blood-red, all too possible to imagine a Face forming in
lines of fire....
He closed his eyes, shivering and holding his arms crossed on his belly,
and he thought: The nigger is dead.",It_65_9
565747_24_47,"The thin piece of fabric, the only thing between my vagina and
anything else, was missing and everything inside me was silenced. I still
don’t have words for that feeling. In order to keep breathing, I thought
maybe the policemen used scissors to cut them off for evidence. Then, I felt pine needles scratching the back of my neck and started pulling
them out my hair. I thought maybe, the pine needles had fallen from a tree
onto my head. My brain was talking my gut into not collapsing. Because
my gut was saying, help me, help me. I shuffled from room to room with a blanket wrapped around me, pine
needles trailing behind me, I left a little pile in every room I sat in. I was
asked to sign papers that said “Rape Victim” and I thought something has
really happened. My clothes were confiscated and I stood naked while the
nurses held a ruler to various abrasions on my body and photographed
them.",Know_My_Name_24_47
340849_4_57,"""You have bruises and tears all through your vagina,"" Molly said quietly, ""that
doesn't happen with normal intercourse. The doctor who examined you said it
looked like you had been raped by half a dozen men, or one very brutal man. He
did an awful lot of damage. That's why you shot him, isn't it?"" She didn't answer. ""Was that the first time, after your mother's funeral?"" She looked pointedly at
Grace as though she expected an answer, and the teenager's eyes filled with tears
that spilled down her cheeks in spite of all of her best efforts to stop them. ""I didn't ... no ... he wouldn't do a thing like that ... veryone loved my dad ...""
She had killed him, and all she could do now was defend his memory so no
one would ever know what he had really been like. ""Did your father love you, Grace? Or did he just use you?""
""Of course he loved me,"" she said woodenly, furious at herself for crying. ""He raped you that night, didn't he?"" But this time, Grace didn't answer. She
didn't even deny it.",malice_4_57
223085_60_72,"Dismay washed her smile away. Tears suddenly welled in her eyes. ‘Oh,
no,’ she pleaded. ‘Please don’t give up on me.’ Some decision came to her. She seized his hand and set it to her face. The words broke from her. ‘He
raped me, Brashen. Kennit. I’ve been trying to get past it. All the time that…I
just wanted you,’ she said brokenly.",Liveship_Ship_of_Destiny_60_72
339707_20_8,"There will be an arraignment where the judge will decide
whether he can be charged. But even now we may be pushing the envelope. The defense attorney is filing a motion for his release. Gabir is hanging in
there, but he doesn’t have a case. Most rape cases don’t get this far but we
have Gabir. There’s talk by the defense of suing the BIA. Even though we
know he did it. Even though everything matches up. Who is it? Why can’t they just hang him?",The_Round_House_20_8
340849_15_37,"As she did, Father Tim
was standing at the door, talking to a policeman. He had just brought a little girl
in, she was two years old, and she had been raped by her father. Grace hated
cases like that ... at least she had been thirteen ... but she had seen babies at St.
Mary's who had been raped and sodomized by their fathers. ""Rough day?"" Father Tim asked sympathetically, as the policeman left. ""Good day."" She smiled at him. She had spent most of it with kids, and then the
last few hours, talking to some of the women, just being there, listening, trying
to give them the courage to do what they had to. No one could do it for them. The police could help. But it was up to them to save
themselves. And maybe, if she talked to enough of them, she told herself, they
wouldn't have to go to the same lengths she had.",malice_15_37
917330_30_22,"It wasn’t your fault.”
“I know that. My father molested me for a year. I did everything to avoid … but he was my father and I couldn’t refuse
to have anything to do with him without giving him some explanation. So I lied and played a role and tried to pretend
that everything was OK. And I made sure that someone else was always around when I saw him. My mother knew
what he was doing, of course, but she didn’t care.”
“Isabella knew?”
Harriet’s voice took on a new harshness. “Of course she knew. Nothing ever happened in our family without Isabella knowing. But she ignored everything that
was unpleasant or showed her in a bad light. My father could have raped me in the middle of the living room right
before her eyes and she wouldn’t have noticed.",The_Girl_With_The_Dragon_Tattoo_30_22
340849_25_41,"""I don't. I don't know anything. I thought he had raped me, but he
hadn't. My roommate took me to a doctor and she said nothing had happened. I
tried to get the negatives from him, and he wouldn't give them to me. My
roommates finally said I should just forget it. He needed a release to use them, if
I was recognizable, and if I wasn't, who cared anyway. I would have liked to get
them back, but I knew I couldn't. At one point, he tried to make it sound like I'd
signed a release, but then he gave me the impression that I hadn't. I don't see how I could have anyway.",malice_25_41
466796_17_90,"He brings me watered wine, and food
as well. I can tell by his face that I look ill and pale. “Will you tell me who hurt you?”
I imagine saying, You. But that is nothing more than childishness. “I did it to myself.”
“Why?”
“For an oath.” There is no waiting any longer. I look at him, full in the
face. “I went to Agamemnon. I told him of your plan.”
“My plan?” His words are flat, almost detached. “To let him rape Briseis, so that you might revenge yourself on him.”
Saying it out loud is more shocking than I thought it would be. He rises, half-turning so I cannot see his face.",The_Song_of_Achilles_17_90
223085_35_17,"That was it. As Malta
disdained to share the bunk with the Satrap, the floor was her bed. After he
was asleep, she could sometimes filch one of the blankets from under his
slack grip. When she and the Satrap had first been shown to the room and the door
shut securely behind them, he had stared slowly around himself. His pinched
lips white with fury, he had demanded, ‘This is the best you could do for us?’
She had still been sodden with shock. Her near-rape, the death of Kekki
and the sudden change in ships had left her reeling. ‘I could do for us?’ she
asked stupidly. ‘Go now! Tell them I will not tolerate this. Right now!’
Her temper snapped.",Liveship_Ship_of_Destiny_35_17
223085_52_2,"She glared at his scandalized
expression. ‘Yes, I was sleeping with Trell. I suppose that you share your
mother’s opinion of that. Can’t rape a whore, right, Wintrow?’
The injustice of her words stirred his own anger. He stood his ground. Enduring Etta’s temper had taught him some courage at least. ‘I didn’t
condemn you,’ he defended himself. ‘I was just surprised. I’ve a right to be
shocked. It’s not what one expects of a Trader’s daughter.",Liveship_Ship_of_Destiny_52_2
951952_10_3,"If any. The rings of her left hand cut into my fingers. It may or may not be revenge. My red skirt is hitched up to my waist, though no higher. Below it the
Commander is fucking. What he is fucking is the lower part of my body. I do
not say making love, because this is not what he’s doing. Copulating too

would be inaccurate, because it would imply two people and only one is
involved. Nor does rape cover it: nothing is going on here that I haven’t
signed up for. There wasn’t a lot of choice but there was some, and this is
what I chose.",the_handmaids_tale_10_3
466796_8_20,"Those who
did were unlucky indeed: too weak to compel, too ugly to charm, and too
poor to pay. It was customary for a palace to have a full complement of nobly born
women as servants for the mistress of the house. But Peleus had no wife in
the palace, and so the women we saw were mostly slaves. They had been
bought or taken in warfare, or bred from those who were. During the day
they poured wine and scrubbed floors and kept the kitchen. At night they
belonged to soldiers or foster boys, to visiting kings or Peleus himself. The
swollen bellies that followed were not a thing of shame; they were profit:
more slaves. These unions were not always rape; sometimes there was
mutual satisfaction and even affection. At least that is what the men who
spoke of them believed. It would have been easy, infinitely easy, for Achilles or me to have
bedded one of these girls ourselves.",The_Song_of_Achilles_8_20
565747_16_65,"How something so small could ruin everything. In trial, all evidence had been filed. But what if there was one error, one
minuscule oversight, one letter. If a teaspoon of doubt leaked into one of the
juror’s minds, it would all be over, there would be no trip, we would all turn
around and go home, defeated. I woke up the next morning to a bowl of boiled eggs on the counter,
shallow pools of pink and yellow dye. I’d forgotten it was Easter. Only my
dad would insist, during a rape trial, that we’d still sift through poppies in
the garden to find rainbow eggs. In the gutter, in the birdhouse. Tiffany
drove back to school with a massive bag of eggs to begin her final quarter. I
slept well, relieved she had fled the sinking ship, was back on track,
studying textbooks instead of transcripts.",Know_My_Name_16_65
573619_5_68,"The ceiling on the right side of the room was painted with a profusion of
flowers, a whole field blooming like a hothouse, while on the left the
ceiling was painted with stranger shapes, dark and craggy, deepening
almost to pure black at its far corner. And the two figures: one was a young girl of about my own and
Felicity’s age. The other was a man. The man, dressed in dark Grecian
robes, grasped at the girl’s legs and pale garments with a grip that tore
through them to the flesh of her thigh; the artist had rendered deep shadows
where his fingers dug into her flank. The man’s face was half snarl, half
laughter, the girl’s mouth and eyes open wide, her empty hands reaching for
the blooming landscape from which he had pulled her. Far off in the
painting’s background, at the edge of the field, near the corner of the
ceiling, was another female figure, her hands, her mouth, open and empty
and frightened. We had studied classical mythology at school that term, and it was a
scene I recognized at once. The rape of Persephone. I felt a nauseous chill run from my belly up through my throat to my
forehead, and for a moment I thought I might vomit. I searched for
something else to focus on, quickly, before the painting made me feel sick
enough that anyone would notice.",Reader_I_Murdered_Him_5_68
415742_14_2,"she admits it was tough for them growing up, she understands why they
wanted to leave but once Ada Mae ended up working in a factory for so
long and hating it, and Sonny went down a mine to work; they should have
come back to live the outside life, to use their bodies as God intended,
working on the land, and investing in an inheritance neither deserves
Ada Mae and Sonny got shoved down into mud once when they were
young at the winter fair
one minute they were standing behind her, eagerly awaiting the candy
floss she was buying, the next they were on the ground covered in mud and
tears
the culprit had disappeared into the crowds
if it’d happened on the farm, she’d have gone after the bastard with an
axe and beheaded him with the strength of a woman who’s been chopping
firewood since her father gave her an axe for her tenth birthday
she’d have thrown him in the trough for the hogs to demolish all traces,
who’ll go through bone like butter
she’d have thrown carrots and cabbage in while she was at it (meat and
two veg)
any serial killer worth their salt knows you just feed your victims to
starving sows
no need for the palaver of digging graves in the woods in the middle of
the night, or dissolving bodies in metal drums full of acid, like on those
American crime documentaries that make her feel grateful to be living so
far away from such goings-on
Slim was less sympathetic when his children came home with their ‘sob
stories’, as he put it, such as when a child pinched Ada Mae’s arm to see if
she bruised, or scratched her with a compass to see if she could bleed, and if
so, what was the colour? or the boys asked Sonny if his colour could be scrubbed off, held him
down, applied a scrubbing brush to see for themselves

rise above it, Slim said as they sat around the table at teatime to have a
glass of cold milk and jam sandwiches in the one hour of the day they
convened as a family before more farm work beckoned
cow-milking being first on the list
it’s teasing, that’s all, Slim told them, don’t come crying to me about it –
if someone attacks you, attack them back and move on
y’all ain’t living in the segregated society I come from where you ain’t
got no rights
y’all ain’t got a fifteen-year-old younger brother called Sonny who was
soaked in coal oil before he was strung up on a sugarberry tree and set
alight while still alive in front of thousands cheering
a boy called Sonny whose murder by mob was photographed and sent
across the country as a postcard because folks were so damned proud of
witnessing his lynching
y’all didn’t discover that the woman who cried rape gave birth nine
months later to a child so white, even her daddy came round to your
daddy’s house to apologize in person
y’all ain’t been through that now, have ya? so negroes, please, hold it down
Hattie asked him to tone it down with the stories, it was scaring their
children and would make them hate themselves, he said they needed to
toughen up and what did she know about it with her being high-yaller and
living in the back of beyond? you liked that I’m high-yaller, as you put it, so don’t you go using it
against me, Slim
he said the Negro had reason to be angry, having spent four hundred
years in America enslaved, victimized and kept downtrodden
it was a powder keg waiting to explode
she replied they were a million miles from America and it’s different
here, Slim, not perfect but better
he said his little brother Sonny was the children’s uncle and they needed
to know what happened to him and about the history of a country that
allowed him to be murdered, and it’s your duty to face up to racial issues,
Hattie, because our children are darker than you and aren’t going to have it
as easy
they had these conversations until she was able to see things from his
point of view

they both followed the news about the civil rights protests, Slim said the
Negro needed Malcolm X and Martin Luther King
when they were assassinated within three years of each other
he disappeared into the hills for a few days
Hattie saw that neither of her children liked being coloured and she
didn’t know what to do about it
Ada Mae painted herself as a white child in her drawings, and from the
age of twelve Sonny never wanted to be seen with his father beyond the
village, hated having to go to the cattle fairs with him as a teenager and he
begged her not to bring his father to school events
she overheard Sonny telling a boy whose father dropped him home one
day that Slim, who was leading sheep out to pasture, was a hired labourer
Slim would have given his life for his children. 3
When Ada Mae and Sonny were sixteen and seventeen, they announced
out of the blue one breakfast that they were leaving home
we’re going today and you can’t stop us, Sonny said, spreading his legs
wide like he was a grown man, shoulders back, daring his parents to
challenge him
we’re not going to spend another day in the back of beyond baling hay,
ploughing fields, milking cows and mucking out animal dung
for the rest of our lives

Hattie remembers it so clearly
Ada Mae wore her new orange mini-dress with a high neck she’d
ordered though the Biba catalogue, white patent leather boots that rode up
to her knees, hair sculpted into a beehive, false lashes, black pencil around
her eyes making them appear huge
she was beautiful then, of course she didn’t think so
it’s only now, when they look at old family photos together that Ada
Mae exclaims, with more than a touch of sadness, look at me, Ma, I was
quite lovely, wasn’t I? Sonny was bone-thin in those days, in the way of teenage boys before
they become men, his legs gangly and uncoordinated, he’d grown too
quickly to the height of his father
he wore his purple velvet flare suit, his hair was trimmed almost to the
bone back then, to hide its kinks, she suspected
with a side-parting that looked absurd
neither were dressed for the long ride to London
they left on Sonny’s seventeenth birthday present – the Honda
motorbike he’d begged them to buy him
said he needed it to come and go more freely

it cost them two bullhorns
Ada Mae sat pillion, Sonny revved the bike and the pair of them roared
off out of the yard, down the hill, through the village and towards the
glamorous streets that awaited them in London
Ada Mae was to become a secretary to a pop star, Sonny a rich
businessman
they roared noisily out of their parents’ lives leaving a plume of smoke
and fumes
leaving her and Slim marooned on eight hundred acres of farmland
it took time to adjust to not hearing Ada Mae playing Dusty Springfield,
Petula Clark and Cilla Black records on the record player in the Long
Room, where she danced in the modern way
if one of them made the mistake of entering, she shouted at them to
bloody well leave her alone for once
Sonny pretended to play the guitar in there, while listening to the
Rolling Stones
they used to peep through the windows to amuse themselves
Hattie and Slim found it strange sitting down to meals for two instead of
four, washing one set of sheets instead of three, to not taking the
temperature of teenage moods when their kids were sloping about at home
they never stopped worrying about them being so far away in the capital
city
where anything could happen to them
London didn’t last, they didn’t even make it to three whole months
(lightweights!)
Sonny worked in a boutique in Carnaby Street that didn’t pay enough to
live on, Ada Mae washed dishes in the kitchen of the Regent Palace Hotel
it was impossible to get accommodation other than in a run-down house
with coloured immigrants in a slum area called Notting Hill
the immigrants scornfully accused them of being like white people
Hattie wanted to say she thought they’d see that as a compliment and
contemplated how her bairns had gone from the Scottish Borders to
London, only to discover it was an alien country down there
she was happy when they settled in Newcastle, only seventy miles from
the farm

instead of over three hundred
Ada Mae married Tommy, the first man who asked, grateful anyone
would
she didn’t exactly have suitors lining up in Newcastle wanting to
proudly introduce their black girlfriend to their parents in the nineteensixties
Tommy was on the ugly side, a face like a garden gnome, her and Slim
joked, none too bright, either
Hattie suspected the lad didn’t have too many choices himself
a coalminer from young, he was apprenticed as a welder when the
mines were shut down
he proved to be a good husband and really did love Ada Mae, in spite of
her colour
as he told Hattie and Slim when he came to ask for her hand
lucky that Slim didn’t lay him out

there and then
Sonny’s experience was somewhat different, according to Ada Mae who
reported back that women queued up round the block for him
they thought he was the next best thing to dating Johnny Mathis
he married Janet, a barmaid, whose parents objected
and told her to choose. 4
When she first saw him, Slim Jackson reminded Hattie of the Masai
warriors she’d seen in the National Geographic magazine Pa had ordered
monthly from America in her childhood
they’d pore over the photographs together on Sunday afternoons after
church and explore the pictures and stories of places and people beyond the
farm, village and surrounding towns
Pa had travelled across Europe in the army, he’d been to Egypt and
Gallipoli, developed an appetite for things foreign
Hattie met Slim in 1945 at an afternoon dance in Newcastle for
demobbed American Negro regiments who were due to be sent home
it was her first dance in the big city, her parents sat outside in the farm
truck, praying she’d meet someone
she’d had no luck so far
Hattie was astonished at the number of other coloured Englishwomen
there, who’d travelled from as far afield as Cardiff, Bristol, Glasgow,
Liverpool, London
they were all kinds of mixtures, most with a white mother, which came
out when they got chatting in the powder room
Hattie felt instantly comfortable among these girls, who all looked like
versions of herself, she’d never felt so welcomed
they were surprised she worked on a farm, felt sorry for her as they reapplied lipstick and powdered their faces in the mirror, posing like they
were all beauty queens whereas she looked plain, wore no make-up, which
really won’t do, one of the girls said, and set to brightening up features
Hattie had thought of as plain
the women cooed over her and said now you look pretty, Hattie

when she looked at the red on her cheeks and her lips in the mirror, she
agreed
the other girls wore glamorous taffeta dresses which showed off their
waists, and long white gloves, and stilettos
Hattie felt embarrassed by the dowdy dress Ma had made her from
Woman’s Weekly
inside the hall the band played swing music, the dance floor was a swirl
of girls in dresses as colourful as butterflies and smart green soldiers’
uniforms, everyone pairing up, none of the girls were left as wallflowers,
which had been Hattie’s fate at local barn dances
only her father would take her for a spin
the girls agreed that most Englishmen wouldn’t touch them with a
bargepole, other than to expect easy sex, and African or West Indian men
were few and far between
every one of them was a belle of the ball at this dance, as the soldiers
made quite clear, in thrall to such high-class, light-skinned ladies
the women laughed at the compliments, were used to being treated as
the lowest of the low
some said this was their last chance before the soldiers departed for the
United States of America
some dreamed of being taken back there as wives
Hattie sat at a table with three Irish-Nigerian sisters, Annie, Bettina and
Juliana, all training to be nurses, who were more full of life than anyone
she’d ever met, she found herself giggling at their outrageous flirting with
the soldiers
she invited them to visit her at the farm
they scoffed at the very idea, a farm? oh Hattie, how funny you are,
we’re going forwards not backwards, you’re a pet
we’re going to London once we’re qualified, we’ll write so you can visit
us
to this day she wonders what happened to them
Slim approached her to do the foxtrot
she was flattered, shy at first, avoided his gaze, he openly admired her
creamy complexion, girl, those blushing cheeks alone will give you high
stock value back home in Georgia
he was long and thin, his skin shiny and silky

he was the first man to make her feel ladylike instead of like a
workhorse who spent all day getting dirt underneath her fingernails
they married within the year, Ma and Pa approved, glad she’d found
someone to look after her when they were gone
Slim liked her parents and they liked him for who he was
Pa said he was the son he never had, and once took Hattie aside, said he
was relieved that Slim didn’t try and boss her around
fat chance that, she replied
for his part, Slim didn’t like the English weather, but he liked the
people, said he felt more respected here, he hadn’t been called boy once and
when he rode his bicycle thereabouts, he wasn’t worried folks were gonna
don white hoods, burn crosses and lynch him
it’s why I’m never going home, Hattie
Slim came from sharecropping stock, his people farmed land but never
owned it
his father had to give half his sugar cane yield to the landowner, was in
never-ending debt to the merchant who sold them seeds, clothes and tools,
and ran the risk of eviction if the crop failed
Slim said many of his people left the land after slavery because it
reminded them of it
the government had promised them all forty acres and a mule
it was the bitterest pill when it didn’t deliver, folks had to stay wage
slaves
now he was married to Hattie, the land he worked was one day going to
be his
hers too, she reminded him
most people took favourably to Slim, he was confident and talkative,
spoke to strangers, even hostile ones, diffusing their animosity, especially
when they heard his accent, they praised his courteousness, his yes m’ams
and no sirs, they liked the way he opened doors for women, tipped his hat at
men, making them feel respected
especially when he sang in his stirring baritone in church, at harvest
festivals, Christmas carols, birthday parties, barn dances, strumming a
guitar or a washboard as accompaniment
she and him enjoyed their conjugals for the most part, once they
discovered that him putting it in and taking it out wasn’t enough for her
it only waned when his mental prowess did

they were together over forty years, she’s not been touched in a sensual
way in the thirty years since
she can still feel his manly farmer’s hands holding her naked buttocks,
complaining there wasn’t enough meat on them
although he admired her physical strength
Slim boasted she could steer a plough as good as any man
hotdamn, Hattie, hotdamn! 5
Hattie started walking when Slim died
she bought walking boots as opposed to working boots, carved herself a
walking stick with a Black Power fist on the knob – in homage to him
she wore thermals in winter, cotton shirts in summer, carried rainwear
and a flask of the sweet tea Slim used to drink in her knapsack
as she trod her land and beyond
sometimes in high summer she’d go out to one of her fields at night, lie
on a blanket, watch the stars in the night sky, imagine Slim looking down at
her

watching over her

waiting for her
she kept farm production going a long time, well into her eighties, at
one point she had thirty farmhands on her payroll
it’s only in the past ten years it’s been reclaimed by nature, an
aggressive beast consuming everything when you let it rampage unhindered
her land has become a jungle of rotten crops, grass, weeds, tangled
bushes, foxes, roe deer and snakes
wild fields – where once grew wheat, barley, oats and winter linseed for
market
wild fields – where once roamed Herefords, Ayrshires, the dray horses
for the ploughs and carts, her Cheviot sheep, and her childhood Icelandic
pony, Smokey
the two of them used to take off at a trot down the lane, around the lake,
they’d canter through the woods and race at full gallop across the lowlying
hills spread before them
if she fell off Smokey, she had to get herself back on again, she didn’t
wear a helmet or shoes
if she didn’t come back, Pa would ride out with the dogs to find her
Hattie remembers she took her body for granted back then, when it
automatically did what her mind instructed it to
she remembers when she could milk thirty cows every morning and
every evening, slowly straining the warm milk into cans, then muck out the
milking parlour, wash and sterilize the utensils and help the dairymen load
the milk on to their horse-drawn wagons

without feeling tired
now her body fights her over the simplest things like putting on her
overalls, getting out of chairs, and climbing stairs
Hattie remembers when her and Slim lived with Ma and Pa and Ada
Mae and Sonny, when they were small children
it was an ideal set-up with two women and two men working together to
raise the children and run the farm
her and Ma were more like friends than mother and daughter, from as
young as she can remember they did everything together, Father said she
could twist Ma around her little finger, he couldn’t get a word in edgeways,
which was true
Ma always said she missed her own mother, Daisy, who died young, and
not a day went by that she didn’t wish she’d known her own father, the
Abyssinian
who was he, Hattie? who was he?",Girl_Woman_Other_14_2
565747_6_14,"She hooked up with a freshman? Doesn’t that
make her the predator? Haven’t you ever heard of gang rape in India. There
are women out there suffering real abuse and you want to call this assault. Bored suburban kids can’t keep it in their pants. Lame. It’s not like he
dragged her. If she had a boyfriend why wasn’t he there? Mother of the year
award. What kind of mom dumps her two daughters at a frat party?",Know_My_Name_6_14
340849_25_47,"It's out there. You can't take it back, or undo it. If you posed for it
eighteen years ago, you've got to know it's out there, and it'll come back to haunt
you."" And then, in a worried tone, ""Are there any others? Do you know how
many he took?""
""I have no idea."" She almost groaned as she said it. ""If the paper bought them from him in good faith, and he represented to them
that he had a release, and presented one to them, then they're protected.""
""Why is everyone protected except me? Why am I always the guilty party?""
It was like getting beaten again, and raped. She was a victim again. It was no

different from getting raped night after night by her father. Only her father wasn't doing it anymore, everyone else was. And it wasn't fair.",malice_25_47
565747_24_53,"And then, at the bottom of the article, after I learned about the graphic
details of my own sexual assault, the article listed his swimming times. She
was found breathing, unresponsive with her underwear six inches away
from her bare stomach curled in fetal position. By the way, he’s really good
at swimming. Throw in my mile time if that’s what we’re doing. I’m good
at cooking, put that in there, I think the end is where you list your
extracurriculars to cancel out all the sickening things that’ve happened. The night the news came out I sat my parents down and told them that I had
been assaulted, to not look at the news because it’s upsetting, just know that

I’m okay, I’m right here, and I’m okay. But halfway through telling them,
my mom had to hold me because I could no longer stand up. The night after it happened, he said he didn’t know my name, said he
wouldn’t be able to identify my face in a lineup, didn’t mention any
dialogue between us, no words, only dancing and kissing. Dancing is a cute
term; was it snapping fingers and twirling dancing, or just bodies grinding
up against each other in a crowded room? I wonder if kissing was just faces
sloppily pressed up against each other?",Know_My_Name_24_53
630140_55_65,"It was a
hard question to answer, except maybe to a few, a chosen few. Hadn’t
Einstein said there were only six people in the world who understood all the
implications of E=mc2? What about the equation inside his own skull? The
relativity of Harold. The speed of blight. Oh, he could fill twice as many
pages as he had already written about that, becoming more obscure, more
arcane, until he finally became lost in the clockwork of himself and still
nowhere near the mainspring at all. He was perhaps … raping himself. Was
that it? It was close, anyway. An obscene and ongoing act of buggery.",The_Stand_55_65
340849_4_63,"""What's to figure? So she got laid, nobody says she got raped. And who says
it was her father?""
""Bullshit. Who do you think laid her? Six gorillas from the zoo? Did you see the bruises, and read what he found internally?""
""So she likes it lively. Look, she's not complaining. She isn't saying that she
was raped. What do you want from me?""
""Some sense for chrissake,"" she blazed at him. ""She's a seventeen-year-old
kid, and he was her father.",malice_4_63
565747_22_17,"When society questions a victim’s reluctance to report, I will be here to
remind you that you ask us to sacrifice our sanity to fight outdated
structures that were designed to keep us down. Victims do not have the time
for this. Victims are also students, teachers, parents, who can’t give up work
or education. The average adult can barely find time to renew their license
at the DMV. It is not reasonable to casually demand that victims put aside
their lives to spend more time pursuing something they never asked for in
the first place. This is not about the victims’ lack of effort. This is about
society’s failure to have systems in place in which victims feel there’s a
probable chance of achieving safety, justice, and restoration rather than
being retraumatized, publicly shamed, psychologically tormented, and
verbally mauled. The real question we need to be asking is not, Why didn’t
she report, the question is, Why would you? Brock will always be the swimmer turned rapist. He was great and then
he fell.",Know_My_Name_22_17
281771_9_22,"In the Special Punishment Hall they had no need to stay on
their knees and could stand around me as they liked. At once the
round handle of a paddle was thrust in my anus. My legs were
dragged wide apart. I was shuddering, and when the paddle handle
proceeded to rape me with back and forth thrusts as roughly as any
cock I'd ever received, I knew my face was red, and that my tears
were threatening. Now and then in the midst of all this, I'd feel cool
little lips pressed to my ear, my face pinched, my chin stroked, and
then they would assault my nipples again. ""'Beautiful little tits,' said one of the girls as she did this. She had

ﬂaxen hair, as straight as yours. 'When I've ﬁnished my work, they'll
feel like breasts,' she said, and proceeded to stretch them, and
stroke them. ""All the while, to my shame, my cock was hard as if it knew its
mistresses even when I refused to acknowledge them. This girl with
the ﬂaxen hair laid her thighs against mine, growing ﬁercer as she
pulled on my nipples.",The_Claiming_of_Sleeping_Beauty_9_22
565747_14_16,"I biked to get a burrito, drank from
an expired coke can, sat wearing my helmet on a bench at the park. I took a
photo of the burrito and posted it online. I received thirty-two likes. It was a

joke with myself, playing tricks on the world. People believed I was
enjoying my afternoon, when in reality I was about to face my rapist. How
creepy it was that we could conceal these stories. How easy it was to
pretend. The slivers we show, the mountains we hide. Over dinner my dad told me he was proud of me. I’m so proud of you,
sweetie, truly proud.",Know_My_Name_14_16
565747_14_14,"As I told her about
the rapist who swam, about the victim that was me, I was free-falling,
preparing for impact. After graduation, we’d gone out to a bar with live
music. Drowned in noise she told me she had been assaulted. It happened
early in college, she yelled loud enough for me to hear. I just haven’t told
many people. I just thought you should know. I said, Are you kidding me. What an asshole. At the time anger was the only thing I knew how to do,
more than empathy, more than comfort, more than contemplation. Now I
was sorry I hadn’t known how to take better care of her.",Know_My_Name_14_14
223085_57_11,"All we have put into him became a part of
him, too. Don’t turn away from him now. Please. Don’t stop loving him.’

She could scarcely concentrate on his words. She had dreaded telling
Brashen about the rape, but had resolved she must. Yet, how could she tell
him, without compromising his feelings for his ship? The convolutions of her
thoughts dizzied her. ‘Althea?’ Brashen asked her anxiously. ‘I’ll try,’ she said faintly. She suddenly didn’t care who was watching.",Liveship_Ship_of_Destiny_57_11
917330_27_21,"“There is no immediately apparent pattern. The murders were carried out at different places and there is no real
signature, but there are certain things that do recur. Animals. Fire. Aggravated sexual assault. And, as you pointed out,
a parody of Biblical quotations. But it seems that not one of the investigating detectives interpreted any of the murders
in terms of the Bible.”
Blomkvist was watching her. With her slender body, her black camisole, the tattoos, and the rings piercing her face,
Salander looked out of place, to say the least, in a guest cottage in Hedeby. When he tried to be sociable over dinner,
she was taciturn to the point of rudeness. But when she was working she sounded like a professional to her fingertips.",The_Girl_With_The_Dragon_Tattoo_27_21
565747_18_8,"I was
scared of the way my body kept dictating these episodes. I’d grip the sink,
turning on the faucet to drown out the sounds. Why are you sad, I kept
thinking, you won. I did not want Lucas to hear me, to realize that I was still
broken, not ready to let all of this go. In my in-box, a message surfaced from Michele Dauber, a Stanford
professor and activist who demanded Stanford do more to stop campus
sexual assault. She was also an old family friend whom I hadn’t seen since
my teens. In middle school, her daughter and I had been a part of the same
group of friends, biking to Blockbuster to rent Carrie, eating Cheetos,
tucked inside sleeping bags in the little guesthouse. When my story first broke, I watched from my bed as news cameras
interviewed Michele in the doorway of her home, the same door I’d walked
through in middle school with muddy Skechers. I wanted her wisdom, but I
knew if I spoke to her, I’d be accused of having an agenda. Even The
Washington Post article had quoted a critic who said, The prosecutor was
playing to the demands of Stanford female activists.",Know_My_Name_18_8
223085_55_53,"They did not exclude her; it simply went past her the way adult conversation
went over a child’s head. The priest-boy, small and spindly as a child, had become this slight but
energetic young man who roared commands with a man’s voice. She knew,
with a sudden guilt, that her own father had not seen that possibility in
Wintrow. If he had, Ephron Vestrit would have opposed Keffria sending him
off to the priesthood. Even his own father had intended to use him only as a
sort of place-holder until Selden, his younger, bolder son, came of age. Only
Kennit had seen this, and nurtured this in him. Kennit the rapist had somehow
been also the leader that Wintrow near worshipped, and the mentor who had
enabled him to take his place on this deck and command it. The thoughts rushed through her head as swiftly as the wind that pushed
the sails, trampling her emotions as the barefoot sailors trampled Vivacia’s
decks. She poured her angry strength into hauling on a line. She hated and
loathed Kennit.",Liveship_Ship_of_Destiny_55_53
339707_1_45,"You saw that she was hurt, real
bad? Clemence touched her own cheek, sweetly rouged and powdered from
going to church. Yes, I saw. Our eyes filled with tears and we looked away from each other, down at
Clemence’s purse as she dug in it for Kleenex. We both let ourselves cry a
bit as she got the Kleenex. It was a relief. Then we put the tissues to our
faces and Clemence went on. It can be more violent than other times. Violently raped, I thought. I knew those words fit together.",The_Round_House_1_45
223085_8_67,"There had been letters in the cabin of the Chalcedean captain, written in
Jamaillian lettering, but in the Chalcedean language. She had recognized the
names of two high Jamaillian nobles and the notation for sums of money. She
had sensed then that she held the roots of a conspiracy in her hands. What had
the Chalcedeans been paid to do? Or were they the ones who had paid? If she
had been able to read those letters when the Chalcedean captain had held her

prisoner there…then her mind shied away. She hated what those nightmare days of confinement and rape had done to
her. They had changed her irrevocably, in ways she despised. She could not
forget that the Chalcedean captain had possessed life and death control over
her. She could not forget that the Satrap, the boyish, spoiled, self-indulgent
Satrap, had had the power to put her in such a position.",Liveship_Ship_of_Destiny_8_67
340849_25_13,"""Are these people crazy, or am I? That woman looks twice my age, and I don't
even know who she is."" Even her name was unfamiliar. They interviewed one of the arresting officers from that night, who looked like
an old man now, and he admitted that Grace had looked really scared and she
was shaking really badly when they found her. ""Did she look like she'd been raped?"" the interviewer said without hesitation. ""It was hard to tell, you know, I'm no doctor,"" he said shyly, ""but she didn't have
any clothes on.""
""She was naked?"" The interviewer looked straight into the camera, shocked, and
the policeman nodded. ""Yeah, but I don't think the doctors at the hospital said she'd been raped. They
just said she'd had sex with her boyfriend or something. Maybe her father walked in on them.""
""Thank you, Sergeant Johnson.""
And then came the piece de resistance on yet another channel. A moment with
Frank Wills, who looked even worse and sleazier than he had twenty years
before, if that was possible, and he said bluntly that Grace had always been a
strange kid and had always been after her father's money. ""What?",malice_25_13
340849_25_28,"She reminded herself of it constantly the day of the interview. It had all been
carefully staged, and Charles's P. R. people had reviewed the questions, or so
they thought. Mysteriously, the questions they'd approved for the interview had
disappeared, and Grace found herself asked, first off, what it had meant to her to
have sex with her father. ""Meant to me?"" She looked at her interviewer in amazement. ""Meant to me? Have you ever worked with victims of abuse? Have you ever seen what child
abusers do to children? They rape them, they mutilate them .... they kill them ...
they torture them, they put cigarettes out on their little arms and faces ... they fry
them on radiators ... they do a lot of very ugly things ... have you ever asked any
of them what it meant to them to have boiling water poured on their face, or their
arm nearly ripped out of its socket?",malice_25_28
340849_23_12,"""Do you have any idea how important you are to me, and this family? I love you,
Grace. Don't screw around with your health. I need you.""
""Okay,"" she said quietly. ""I'll go."" But she always hated going to the doctor. Doctors still reminded her of bad experiences, of being raped, and her mother
dying, and the night she killed her father, and even when she'd been in Bellevue

after the attack at St. Andrew's. To Grace, except for the babies she'd had,
doctors never meant anything pleasant.| ""Any idea what might be wrong? How
do you feel?"" Their family doctor asked her pleasantly. He was a middle-aged
man1 with an intelligent face and an easy disposition. He knew nothing of
Grace's past, or her dislike for doctors.",malice_23_12
565747_23_25,"I
needed them to review the policies they had in place around contacting
victims after rape. I wanted training for the Department of Public Safety on
campus so they could better inform victims of the court process and their
options, especially when it came to pressing charges. Also please add
lighting to the dark back area of the fraternity. Michele requested additional well-lit areas and video surveillance in
outdoor and high-risk areas. She advocated for even more systemic
remedies, assessing cultures of sexual violence within athletic programs,
reviewing practices in the fraternity system, working on data transparency,
making it more inclusive and expansive. The meeting took place on September 6, 2016, four days after Brock
was released from jail. I was aiming for tempered rage, strong conviction. Go in, make demands! I went in, shook hands. How quickly my face
crumpled.",Know_My_Name_23_25
565747_23_55,"Denying darkness does not bring anyone closer to the
light. When you hear a story about rape, all the graphic and unsettling
details, resist the instinct to turn away; instead look closer, because beneath

the gore and the police reports is a whole, beautiful person, looking for
ways to be in the world again. By now Michele and Appleseed were no longer talking, too much
betrayal, mistrust, Michele was livid, Appleseed wasn’t budging. Over a
year had passed since the initial meeting, promises were not upheld, no
investigation completed. The Fountain Hopper, an anonymous student
publication, uncovered the news of the rejected quotes and email blasted the
story across campus with the headline: STANFORD’S FINAL “FUCK YOU” TO
BROCK TURNER’S VICTIM. In the words of Appleseed, I end where I began. A year after Brock had
been released, and I’d received some money, vomited, took a few art
classes, received plants and no plaque, a burbling fountain. There was a
light installed, which was good, thank you. The dumpsters were moved to
the front, cedar walls erected around them. I was hard on myself for a long
time, feeling like I did not do enough.",Know_My_Name_23_55
565747_20_23,"I wanted to respond, I wrote it. Once a friend said, I heard

it’s someone we know. I froze, searching her face to see if she was testing
me, but there was nothing. I feigned indifference, shrugged, I haven’t heard
anything. When my sister met a guy in her neighborhood with a dog named
Broccoli, the owner explained, Well at first his name was Brock, but have
you heard of the Brock Turner stuff? My sister nodded. It hurt my dog’s
brand, so I changed it. I found a new therapist in San Francisco, but it took
me months and multiple sessions before I told her I was Emily Doe. All I
said was that I’d been sexually assaulted, and in response she said, Have
you read the Stanford victim statement? She’d recommended me my own
story, said something about thoughtfulness and power, turning the tables.",Know_My_Name_20_23
339707_1_24,"Looked like that poor woman had a miscarriage or maybe—her voice
went sly—a rape. The woman’s lip lifted up off her rabbit teeth as she looked at me. Her
ratty yellow hair quivered. I looked right back, into her lashless hazel eyes. Then I did something odd by instinct. I went over and took the magazine
out of her hands. Still staring at her, I tore off the cover and dropped the rest
of the magazine. I ripped again. Cher’s identical eyebrows parted. The lady
who was knitting pursed her lips, counting stitches.",The_Round_House_1_24
630140_76_24,"I’ve known about you for most
of my life, and I don’t know what to call you.”
“Call me Richard. That’s my real name. Call me that.”
“That’s your real name? Richard?” she asked doubtfully, and he giggled
against her neck, making her skin crawl with loathing and desire. “And who
promised me?”
“Nadine,” he said, “I have forgotten. Come on.”
He slipped off the hood of the car, still holding her hands, and she almost
jerked them away and ran … but what good would that have done? He
would only chase after her, catch her, rape her. “The moon,” he said. “It’s full. And so am I.” He brought her hand down
to the smooth and faded crotch of his jeans and there was something terrible
there, beating with a life of its own beneath the notched coldness of his
zipper.",The_Stand_76_24
917330_1_20,"Not armed robbery, murder, or rape after all. From a financial point of view, however, it was serious
—Millennium was not a flagship of the media world with unlimited resources, the magazine barely broke even—but the
judgement did not spell catastrophe. The problem was that Blomkvist was one of Millennium’s part owners, and at the
same time, idiotically enough, he was both a writer and the magazine’s publisher. The damages of 150,000 kronor he
would pay himself, although that would just about wipe out his savings. The magazine would take care of the court
costs. With prudent budgeting it would work out. He pondered the wisdom of selling his apartment, though it would break his heart. At the end of the go-go eighties,
during a period when he had a steady job and a pretty good salary, he had looked around for a permanent place to live. He ran from one apartment showing to another before he stumbled on an attic flat of 700 square feet right at the end of
Bellmansgatan. The previous owner was in the middle of making it liveable but suddenly got a job at a dot-com
company abroad, and Blomkvist was able to buy it inexpensively.",The_Girl_With_The_Dragon_Tattoo_1_20
565747_18_26,"When I
finally stopped, she said, I just typed up everything you said. I will now
email it back to you. Use it. That night, Margaret Cho was performing at the same Helium Comedy
Club. In 2015, she released a music video called I Wanna Kill My Rapist. I
looked up to her for being unapologetic, honest, and one of the few Asian
American role models in mainstream culture when I was growing up. I sat
on the perimeter of the audience, watching her step out of the same door I
had used to arrive onstage. She wore red heels, yellow Kill Bill pants, and a
black T-shirt that said OUI. After the show, as the audience trickled away, I
walked straight to the greenroom door and knocked. Immediately two
bodyguards stepped in, blocking me.",Know_My_Name_18_26
281771_8_12,"I was raped over and over by these things,
and had to expel them with great eﬀort. They would not have
spared my mouth, I suppose, had they not been commanded to
leave me gagged as all such slaves are gagged. ""And whenever I caught a glimpse of a Page I found myself
pleading with him by all my gestures and manner of groaning. ""I had no real thoughts during this time. Perhaps I had begun to
think of myself as the half human thing that they thought I was. I
don't know. To them I was a disobedient Prince sent to them
because I deserved it. Any abuse was their duty. If the ﬂies were
bad, they would paint my penis and balls with honey to attract
them and think that very clever. ""Much as I feared the leather whip handles of the stable boys
forced up my anus, I came to look forward to being taken to the
cleaner, cooler places in the stable.",The_Claiming_of_Sleeping_Beauty_8_12
565747_16_43,"I knew what she meant; she meant she
didn’t think that her older sister would’ve been raped. Alaleh had called to
tell her she needed to clarify and hold her ground, because the defense
would nail her on this tomorrow. I was ready to grab my keys, walk straight out the door. I wanted to pull
up to the defense attorney’s house, run up the carpeted stairs, and rustle him
awake in his stupid pajamas, his glasses on the bedside table. I would throw
the quilted blankets off him, revealing his hairy white legs, his tube socks. I’d ask him if he knew how he was disturbing my little sister, couldn’t he
figure out a goddamn way to do this decently, to keep it between me and
Brock, to look at the evidence scrawled across the board, my BAC level,

the voice mail, what more do you want, do you want to destroy my sister in
the process, because I will end you. Somehow it had become all of our
faults, except his. As I sat there witnessing her crumbling before me, her agony in trying to
carry this all, I finally understood. He knew there was a part in us that was
self-conscious, the lingering voices that told us we were in the wrong. Wasn’t it you, who left?",Know_My_Name_16_43
131302_37_57,". .” Tyentso exhaled. “That bastard. That slimy morgagesucking, goat-raping demon’s cunt!”*
The High General blinked at her, taken aback by the naked anger of her
words. Tyentso leaned up and kissed Qoran on the cheek. “I’ve missed you,
Qoran. But Sandus is dead, and Gadrith is very much alive. You and the
others need to stop Xaltorath. I’ll take care of my . .",The_Ruin_of_Kings_37_57
340849_9_4,"""She came into our cell. I thought it was you at first, I didn't even look up until
she was nose to nose with me, and Jane was flashing a knife right behind her.""
""You've got a lot to learn."" But she'd been impressed that she'd been smart
enough to leave a message on her bunk, with the single scrawled word Brenda. ""Are you okay?"" She wondered how far it had gone, and she glanced at Luna for
an answer. ""She's okay. Stupid, but okay. They didn't get too far. Brenda was too busy
getting coked up to do a whole lot of damage."" Over the years they had all seen
girls raped and ruined for life by baseball bats and broomsticks. But Luna was
still annoyed that this kid had almost dragged Sally into it. It was Luna who had
insisted on going herself, and leaving Sally to tell the guards, if she had to. Luna
took good care of her.",malice_9_4
630140_45_22,"Heavy downers for bedtime; tranks for travel; reds for
recess. “I’d get up in the morning, be raped two or three times, and then wait for
Doc to hand out the pills,” Susan said matter-of-factly. “The daytime pills, I
mean. By the third day I had abrasions on my … well, you know, my
vagina, and any sort of normal intercourse was very painful. I used to hope
for Ronnie, because all Ronnie ever wanted was a blowjob. But after the
pills, you got very calm. Not sleepy, just calm. Things didn’t seem to matter
after you got yourself wrapped around a few of those blue pills. All you
wanted to do was sit with your hands in your lap and watch the scenery go
by or sit with your hands in your lap and watch them use the wrecker to
move something out of the way. One day Garvey got mad because this one
girl, she couldn’t have been any more than twelve, she wouldn’t do … well,
I’m not going to tell you.",The_Stand_45_22
565747_24_84,"It gives the
message that a stranger can be inside you without proper consent and he
will receive less than what has been defined as the minimum sentence. Probation should be denied. I also told the probation officer that what I truly
wanted was for Brock to get it, to understand and admit to his wrongdoing. Unfortunately, after reading the defendant’s report, I am severely
disappointed and feel that he has failed to exhibit sincere remorse or
responsibility for his conduct. I fully respected his right to a trial, but even
after twelve jurors unanimously convicted him guilty of three felonies, all
he has admitted to doing is ingesting alcohol. Someone who cannot take full
accountability for his actions does not deserve a mitigating sentence. It is
deeply offensive that he would try and dilute rape with a suggestion of
“promiscuity.” By definition rape is not the absence of promiscuity, rape is
the absence of consent, and it perturbs me deeply that he can’t even see that
distinction. The probation officer factored in that the defendant is youthful and has no
prior convictions. In my opinion, he is old enough to know what he did was
wrong. When you are eighteen in this country you can go to war.",Know_My_Name_24_84
37865_30_64,"“If I were an insurance man instead of a librarian, I’d draw you a graph,
maybe. It would show an unusually high rate of every violent crime we
know of, not excluding rape, incest, breaking and entering, auto theft, child
abuse, spouse abuse, assault. “There’s a medium-sized city in Texas where the violent-crime rate is far
below what you’d expect for a city of its size and mixed racial make-up. The extraordinary placidity of the people who live there has been traced to
something in the water .. a natural trank of some kind. The exact opposite
holds true here. Derry is a violent place to live in an ordinary year. But
every twenty-seven years—although the cycle has never been perfectly
exact—that violence has escalated to a furious peak ... and it has never been
national news.”
“You’re saying there’s a cancer at work here,” Beverly said. “Not at all. An untreated cancer invariably kills.",It_30_64
951952_19_8,"“He was once a Guardian. He has
disgraced his uniform. He has abused his position of trust. His partner in
viciousness has already been shot. The penalty for rape, as you know, is
death. Deuteronomy 22:23-29. I might add that this crime involved two of
you and took place at gunpoint. It was also brutal. I will not offend your ears
with any details, except to say that one woman was pregnant and the baby
died.”
A sigh goes up from us; despite myself I feel my hands clench. It is too
much, this violation.",the_handmaids_tale_19_8
565747_19_8,"Campus rape is no different than off-campus rape. Rape is rape. My family and I made our way down the back stairwell. For once, I did
not rush. I no longer felt the urgency to protect myself, all my armor already
gone. The day was sunny and quiet. Cars rolled by on their way to
California Avenue for lunch. For most people it was just a regular
afternoon. I tried to comfort myself by saying, you get to be a normal
person again. But this was not how freedom should feel.",Know_My_Name_19_8
340849_25_26,"""It won't, you know,"" Charles said. But maybe if it was handled well, it wouldn't
do any harm either. The conference was set for the week before her birthday on an important
interview show, on a major network. It was heavily advertised, and television
news cameras started appearing outside their house the day before. It was agony
for their children. They hated having anyone over now, or going anywhere, or even talking to
friends. Grace understood it only too well. Every time she went to the grocery
store, someone came over to her and started a seemingly innocuous conversation
that would end up in Q8cA about her life in prison. It didn't matter if they
opened with melons or cars, somehow they always wound up in the same place,
asking if her father had really raped her, or how traumatic had it been to kill him,
and were there really a lot of lesbians in prison. ""Are you kidding?"" Charles said in disbelief.",malice_25_26
340849_13_9,"Unforgettable."" He sounded cold and hard and angry. ""How can you say that?"" She started to cry. ""How could you do that with me
passed out?"" She felt her stomach rise to her throat again, and her chest tightened
with asthma, but she felt too sick to look for her inhaler. She couldn't even sit up
and look around her. ""How do you know what I did?"" he said evilly, as he walked across the room, his
splendid body exposed for her to see it. ""Maybe I always work like this. It's so
much cooler."" He turned to face her then, so she could see all of him, and she
looked away, trying not to see it. This was not how she had wanted their first time to be, and she didn't know if
she was more hurt than angry. It was what it had always been for her. Rape.",malice_13_9
281771_8_9,"Lifting
me up by this, he forced me into the stable. I was then laid over a
barrel again and raped by all of them. ""It seemed unendurable, and yet I endured it. And as in the
Queen's chamber, I could feast my eyes on my tormentors all day
long though in between their wants they took little notice of me. ""One evening however, when all of them had had much to drink
and had been congratulated for a very good meal upstairs, they
turned for more imaginative play with me. I was terriﬁed. I had no
thoughts of dignity anymore and began to groan behind my gag as
soon as they approached me. I squirmed and twisted to resist their
hands. ""The games they chose were as degrading as they were
disgusting. They spoke of decorating me, of improving my
appearance, that I was altogether too clean and too ﬁne an animal
for my lodgings.",The_Claiming_of_Sleeping_Beauty_8_9
340849_5_2,"Voluntary manslaughter, if she had indeed wanted to kill him, but not planned
it, but believed falsely that she was justified in killing him, because she felt he
was harming her at the time. Voluntary manslaughter would require a sentence of
up to twenty years. Involuntary manslaughter if he had been harming her, and she had intended to
hurt or resist him or cause him great bodily harm, but not kill him, but her
""reckless"" behavior had caused his death. Involuntary manslaughter would put her in prison for anywhere from one to
ten years. And justifiable force if they believed her story that he had raped her that night
and over the previous four years, and she was defending herself against his
potentially life-threatening attack on her person. David had addressed them powerfully, and demanded justice in the form of a
verdict of ""defense with the use of justifiable force"" for this innocent young girl
who had suffered so much and lived a life of torture at the hands of her parents. He had made her tell all of it to the jury. That was her only hope now. It was a late September afternoon when the jury finally came in, and Grace
almost fainted when she heard the verdict. The foreman rose solemnly, and announced that they had reached a verdict.",malice_5_2
340849_19_25,"He just assumed that he had a right to use me. And another man I had business
dealings with did the same thing."" She was talking about Louis Marquez and
didn't want to explain him to Charles just yet, although she knew that eventually,
if this got serious, she'd have to. ""This other man kept threatening, threatened that I'd lose my job if I didn't sleep
with him. He used to show up at my apartment. It was disgusting ... and then
there was someone I went out with. He did pretty much the same thing, used me,
made a fool of me, never gave a damn. He put something in my drink and I got
horribly sick. But he didn't rape me at least. At first I was afraid that maybe he
had after he'd drugged me, but he hadn't. He just made me look like a fool
afterwards.",malice_19_25
630140_47_13,"He who Is—the dark man, the hardcase. He waited for Trashcan Man in
Cibola, and his were the armies of the night, his were the white-faced riders
of the dead who would sweep out of the west and into the very face of the
rising sun. They would come raving and grinning and stinking of sweat and
gunpowder. There would be shrieks, and Trashcan cared very little for
shrieks, there would be rape and subjugation, things about which he cared
even less, there would be murder, which was immaterial—
—and there would be a Great Burning. About that he cared very much. In the dreams the dark man came to him
and spread out his arms from a high place and showed Trashcan a country
in flames. Cities going up like bombs. Cultivated fields drawn in lines of
fire. The very rivers of Chicago and Pittsburgh and Detroit and Birmingham
ablaze with floating oil. And the dark man had told him a very simple thing
in his dreams, a thing which had brought him running: I will set you high in
my artillery.",The_Stand_47_13
565747_14_30,"I am at
the rape clinic. The water filling my ears, smearing my vision, sealing my
nose and running over my mouth. Outside, there is a highway, a steady
stream of cars, one pulled over on the side of the road. It is my sister,
heaving cries so hard she cannot see. She is trying to come get me. Carpet. I
am in a plastic chair in the rape clinic, hair dripping wet. Tiffany is sitting
next to me, frayed, upset. How do I make her feel better. Carpet.",Know_My_Name_14_30
340849_25_6,"It was presented as a special bulletin, with a full screen photograph of her mug
shot from prison. What startled Grace above all was how young she looked. She
was barely more than a baby, only three years older than Andrew, and she looked
younger than Abigail in the picture. ""Wow, Mom! Is that you?""
""Shhh, Matthew!"" they all said at once, and watched in horror as the story
unraveled. The story was definitely not pretty. It opened with the news that Grace
Mackenzie, wife of Congressman Charles Mackenzie, candidate for a Senate
seat in the next election, had shot her father in a sex scandal at seventeen, and
had been sentenced to two years in prison. There were photographs of her going
into the trial, in handcuffs, and of her father looking very handsome. They said
he had been a pillar of the community, and his daughter had accused him of rape,
and shot him. She had claimed self-defense and a jury had not believed her.",malice_25_6
565747_21_43,"I imagine myself the centipede, struggling to tie each of my
hundred tiny shoes, it takes me longer to get going than most. But I will put
on shoe after shoe after shoe until I can get up and go again. 12. ONLY FIVE MONTHS after I read my statement in court, Trump was elected. I

was hit by the same feeling I’d had when the judge said six months. Blindsided. Disappointed. Wrecked. When Trump’s Access Hollywood tape surfaced, the average person
acknowledged what he said was vulgar, lewd, foul. Anderson Cooper asked
Trump point-blank if he understood he was talking about sexual assault and
the nation watched him shrug and say, locker-room talk.",Know_My_Name_21_43
565747_24_86,"The fact that
Brock was an athlete at a private university should not be seen as an
entitlement to leniency, but as an opportunity to send a message that sexual
assault is against the law regardless of social class. The Probation Officer has stated that this case, when compared to other
crimes of similar nature, may be considered less serious due to the
defendant’s level of intoxication. It felt serious. That’s all I’m going to say. What has he done to demonstrate that he deserves a break? He has only
apologized for drinking and has yet to define what he did to me as sexual
assault, he has revictimized me continually, relentlessly. He has been found
guilty of three serious felonies and it is time for him to accept the
consequences of his actions. He will not be quietly excused. He is a lifetime sex registrant. That doesn’t expire.",Know_My_Name_24_86
565747_1_4,"I am the first child. “Xia” sounds like “sha.”
Chanel. The FBI defines rape as any kind of penetration. But in California, rape
is narrowly defined as the act of sexual intercourse. For a long time I
refrained from calling him a rapist, afraid of being corrected. Legal
definitions are important. So is mine. He filled a cavity in my body with his
hands. I believe he is not absolved of the title simply because he ran out of
time. The saddest things about these cases, beyond the crimes themselves, are
the degrading things the victim begins to believe about her being.",Know_My_Name_1_4
565747_23_47,"Still no plaque. I received an email one evening informing me of their scheduled
ceremony; it would open with the provost (five minutes), an announcement
about support services (five minutes), a speech/letter from Emily Doe (five
minutes), closing words, moment of silence in support of sexual violence
survivors (five minutes). What do you do when you’re invited to your own
rape garden ceremony, that’s been scheduled to last twenty minutes? I
wanted to give a speech, Thanks for the stones. For being so concerned with
agency, they had taken it upon themselves to create a public display of
support, inviting cameras, a tidy itinerary, the figurative ribbon cut. They
gave me three dates I could choose from. I appreciated that the area had

been cleaned up, that students may find solace in it, but it was odd the
plaque was still missing. I told my lawyer to politely inform them there
would be no ceremony. I thought more about anger, about the art piece I would create. A more
fitting tribute: a piece called Construction; each victim is given a nail for
every day she has lived with what happened to her.",Know_My_Name_23_47
573619_5_71,"Fahy had installed me in
one of the hall’s guest rooms and Felicity and I were drinking tea and eating

little ginger biscuits in front of the fireplace in her own chambers. “Honestly, I hadn’t thought about it in years before I saw you looking up.”
“I can’t imagine forgetting it,” I said. Worse than that was knowing the
rape of a young girl was the image, the idea, that someone in her family had
wanted to impress upon every guest who walked through the hall’s front
doors—but I could not quite say so to her, for all the late-night whispers we
had shared. Felicity shrugged. “You can forget almost anything, if you live with it
long enough,” she said. “It becomes just . . . part of the everyday world
around you, and then it . .",Reader_I_Murdered_Him_5_71
565747_24_74,"Not awareness about
campus sexual assault, or rape, or learning to recognize consent. Campus
drinking culture. Down with Jack Daniels. Down with Skyy Vodka. If you
want to talk to people about drinking go to an AA meeting. You realize,
having a drinking problem is different than drinking and then forcefully
trying to have sex with someone? Show men how to respect women, not
how to drink less. Drinking culture and the sexual promiscuity that goes along with that. Goes
along with that, like a side effect, like fries on the side of your order. Where
does promiscuity even come into play?",Know_My_Name_24_74
340849_14_6,"""Well, maybe I don't want to. Nobody needs this shit. I thought you'd knock my
head off when I laid a hand on you."" She didn't remember that at all, but it was
certainly possible. Obviously, she'd panicked. ""What you need is a good shrink, not a boyfriend.""
""Thanks for the advice. And the other thing I need are the negatives of the
pictures you took. I want them back on Monday.""
""Really now? And who says I took any pictures?"" ""Let's not play that game,"" she
said quietly. ""You took plenty of pictures while I was awake, and I heard the
camera clicking and flashing while I was woozy. I want the negatives, Marcus.""
""I'll have to see if I can find them,"" he said coolly, ""I have an awful lot of stuff
here.""
""Listen, I can call the police and say you raped me.""
""The hell I did.",malice_14_6
565747_13_67,"My nerves shot up in flames, but for the
first time in nine months, anxiety did not cause me to shrivel up and shut
down. It fueled me to begin. We rehearsed in the evenings at an apartment near the river. Some
people arrived late from class or buttoned up in a tie coming from an
interview. I was always early, freshly showered, my material prepared, my
backpack empty except for my comedy notes; this was not my fun thing on
the side. We took turns holding the TV remote as a microphone, butchering
delivery, tweaking and repeating jokes until we’d memorized each other’s
sets. For a few hours in the night we lived in the world of the absurd, where
every hardship translated into material. A small part of me waited for a
tasteless rape joke to emerge, prepared to conceal a flinch, knowing I
wouldn’t voice discomfort for fear of becoming the sensitive one. But a
rape joke never arrived. Instead we talked about hairless cats and told Vince
it wasn’t funny he saw a June bug in July.",Know_My_Name_13_67
520870_12_88,"What had woken her? Her ears strained, scanning the
darkness. She wished Carter were here, but he was on another drug
company trip to Hilton Head. Her ears wandered through the dark house. She heard the higher-pitched
heat coming through the air registers, the ticking sound it made deep in the
tin ducts. Behind the ticking came the high-pitched rush of warm air, and
the drip from the bathroom faucet. She thought about Blue. She needed to reach him, somehow, before
James Harris got him further under control. He’d lied about a rape, but she
didn’t think it was too late. She needed to give him something he’d want
more than he wanted James Harris’s approval.",The_Southern_Book_Clubs_Guide_to_Slaying_12_88
330562_15_48,"For years he
[ 2 9 1 ]

Alice Sebold

had kept at bay the memories of the women he killed, but now,
one by one, they were coming back. The first girl he’d hurt was by accident. He got mad and
couldn’t stop himself, or that was how he began to weave it into
sense. She stopped going to the high school that they were both
enrolled in, but this didn’t seem strange to him. By that time he
had moved so many times that he assumed that was what the girl
had done. He had regretted it, this quiet, muffled rape of a school
friend, but he didn’t see it as something that would stay with either one of them. It was as if something outside him had resulted
in the collision of their two bodies one afternoon. For a second
afterward, she’d stared. It was bottomless. Then she put on her
torn underpants, tucking them into her skirt’s waistband to keep
them in place.",The_Lovely_Bones_15_48
565747_21_8,"I’d reassure myself with familiar signs; the
color of my sheets, texture of Lucas’s hair. Relax. But something inside me
kept yanking out the connecting cords, rewiring, plugging them into the
wrong fixtures. My body kept asking permission, is this okay, will we be
blamed? I needed a face, needed light, needed no surprise, needed step-bystep, I’m in my own home and I’m allowed to enjoy this. It was inhibiting,
did not allow for stallion-riding, flower-blooming, rooster-crowing, papershuffling, passionate lovemaking. Instead I had a small finicky secretary I
was reporting to: What’s happening? Where are you? Who are you with? The phrase, sexual assault, is a little misleading, for it seemed to be less
about sex, more about taking.",Know_My_Name_21_8
565747_14_12,"When I
was told this I wondered if I had heard incorrectly; did you mean to say
anonymous? The alternative seemed impossible. I would need all twelve of
their votes to win. In the news articles I read, I had never found twelve
positive comments in a row. If a prospective juror had been sexually assaulted, she or he was
immediately eliminated. I would later learn that when this question was
asked, several women got up to leave. There would be no survivors in the
jury. My DA would later tell me women aren’t preferred on juries of rape
cases because they’re likely to resist empathizing with the victim, insisting
there must be something wrong with her because that would never happen
to me. I thought of mothers who had commented, My daughters would
never . .",Know_My_Name_14_12
223085_50_28,"Somehow, this humiliated him. ‘Etta. Get up. Wintrow. Put Althea back in her room,’ he commanded. Althea gasped her words from beneath Etta’s weight. ‘I’m a stupid bitch? He raped me. Here, on my own family ship! And you, a woman, defend him?’
She rolled her head and stared up wildly at Wintrow.",Liveship_Ship_of_Destiny_50_28
565747_20_31,"What exactly were you afraid of, one might wonder. You weren’t raped in
a house, there was no invasion or break-in. But it’s the sleeping itself that
got me, the unconscious, vulnerable state in which anything can happen. The night of my assault, I’d missed the chance to fight back. I tried to
outsmart the system, sleeping with one eye open, one eye closed, drifting in
and out. Times I have accidentally dozed off, I’ve woken up with alarms
blaring in my chest, what did I miss. At five o’clock in the morning, when
light became a promise, I’d drift off to the sound of newspapers being
thrown, the first bus rattling, birds. I was always groggy the next day, behind the regular rotation of the
world. When the postman rang the doorbell I’d perform the droopy-lidded
ritual of removing my contraptions, yelling for him to hold on as I
unstacked the chairs. In the daytime, these protections felt silly, the
blockades and pepper spray, evidence of the strange and imagined realities
in my head, private battles I’m fighting.",Know_My_Name_20_31
565747_24_23,"But I would be failing you if
you walked away from this book untouched by humanity, without seeing
what I saw: those thousands of handwritten letters, the green-lipped fish at
the bottom of the ocean, the winking court reporter. All the small miracles
that sustained me. We may spend half our time wandering around,
wondering what we’re even doing here, why it’s worth the effort. But living
is an incredible thing, just to have been here, to have felt, if only briefly, the
volume and depth of others’ empathy. I wrote, most of all, to tell you I have
seen how good the world could be. I never could have known that, after college, I’d be assaulted within
seven months, live in Providence then Philadelphia, do comedy and weep
during testimony, write twelve pages that would resonate globally, move in
with a tall boy and a tiny dog, and spend two and a half years writing. I
have created a self inside the suffering. Looking back, the assault is now
inextricable from the greater story. It is a fact of my life, the same way I
was born in June, and I was raped in January. Awful feelings may remain
the same, but my capacity to handle them has grown.",Know_My_Name_24_23
917330_29_112,"He killed and he raped because he liked
doing it.”
“I’m not saying otherwise. But Martin was a repressed boy and under the influence of his father, just as Gottfried was
cowed by his father, the Nazi.”
“So you’re assuming that Martin had no will of his own and that people become whatever they’ve been brought up to
be.”
Blomkvist smiled cautiously. “Is this a sensitive issue?”
Salander’s eyes blazed with fury. Blomkvist quickly went on. “I’m only saying that I think that a person’s upbringing does play a role. Gottfried’s father beat him mercilessly for
years. That leaves its mark.”
“Bullshit,” Salander said again. “Gottfried isn’t the only kid who was ever mistreated. That doesn’t give him the right
to murder women. He made that choice himself.",The_Girl_With_The_Dragon_Tattoo_29_112
281771_8_5,"And there I
was raped by one and all of the men, the women looking on with
laughter. I was sore from this, and so dizzy from the motion of the
barrel that I was sick, but this again they thought most amusing. ""But when they were done with me, and had to return to their
work, they shackled me above the open hogshead that received the
garbage. My feet were deposited ﬁrmly in the waste of cabbage
leaves and carrot tops, onion peels, and chicken feathers that made
up the refuse of the day's work and, as they added to it, it rose
around me. The stench was terrible and when I writhed and
struggled, again they laughed, and thought of other ways to
torment me.""
""O, this is too dreadful,"" Beauty gasped. Each person who had
handled her or punished her had in some way admired her. And
when she thought of her beautiful Alexi treated this way, she felt
weak with fear. ""Of course I did not know this was to be my regular station. I
was taken out hours later when after the evening meal was served
they again chose to rape me. Only this time I was thrown down and
spread out on a large wooden table.",The_Claiming_of_Sleeping_Beauty_8_5
223085_51_29,"He would not leave his ship.’ There was regretful admiration in his
voice. He went on more quietly, ‘You have Bolt’s memories. Then you will
remember she wanted Althea dead. I refused that. What does she remember of
Althea’s “rape”?’ His lips scarce touched the word. ‘Nothing,’ the ship admitted. ‘She refused to touch minds with Althea. But I know what Althea recalls.’
Relief fuelled his voice with kindness. ‘And Althea recalls a nightmare, a
poppy dream, not a reality. Such dreams are especially vivid.",Liveship_Ship_of_Destiny_51_29
565747_1_18,"They asked if there was anyone they could call, to tell them I was here. Here where? I gave them my sister’s number, and I watched the man in the

windbreaker walk away out of earshot, taking my sister’s voice into another
room. Where was my phone? I began patting around, hoping to hit a hard
rectangle. Nothing. I berated myself for losing it, I’d have to circle back. The deputy turned to me. You are in the hospital, and there is reason to
believe you have been sexually assaulted, he said. I slowly nodded.",Know_My_Name_1_18
630140_26_9,"When you got married, that gave a man the right to rape you anytime
he wanted. Even in the daytime. Irma’s mother always summed up her
husband’s desertion in three words, the same words Irma could have
applied to the death of almost every man, woman, and child on the face of
the earth: “No great loss.”
Most of the boxes contained nothing but cheap trinkets bought in foreign
ports—Souvenir of Hong Kong, Souvenir of Saigon, Souvenir of
Copenhagen. There was a scrapbook of photographs. Most of them showed
her father on ship, sometimes smiling into the camera with his arms about
the shoulders of his fellow beasts. Well, probably the disease that they were
calling Captain Trips out here had struck him down in whatever place he
had run off to. No great loss. But there was one wooden box with small gold hinges on it, and in this
box was a gun. A .45 caliber pistol. It lay on red velvet, and in a secret
compartment below the red velvet were some bullets.",The_Stand_26_9
565747_24_75,"I don’t see headlines that read,
Brock Turner, Guilty of drinking too much and the sexual promiscuity that
goes along with that. Campus Sexual Assault. There’s your first powerpoint
slide. Rest assured, if you fail to fix the topic of your talk, I will follow you
to every school you go to and give a follow up presentation. Lastly you said, I want to show people that one night of drinking can
ruin a life. A life, one life, yours, you forgot about mine. Let me rephrase for you, I
want to show people that one night of drinking can ruin two lives. You and
me. You are the cause, I am the effect. You have dragged me through this
hell with you, dipped me back into that night again and again.",Know_My_Name_24_75
917330_19_4,"His grip on her shoulder tightened. “Remember what we agreed. You’ll come back here next Saturday.”
She nodded again. Cowed. He let her go. CHAPTER 14
Saturday, March 8–
Monday, March 17
Salander spent the week in bed with pain in her abdomen, bleeding from her rectum, and less visible wounds that
would take longer to heal. What she had gone through was very different from the first rape in his office; it was no
longer a matter of coercion and degradation. This was systematic brutality. She realised much too late that she had utterly misjudged Bjurman. She had assumed he was on a power trip and liked to dominate, not that he was an all-out sadist.",The_Girl_With_The_Dragon_Tattoo_19_4
281771_8_18,"I hung by the limb, my feet oﬀ the ground, as he
raped me. He thrust in deep and hard and repeatedly. I thought it
would never end, and my poor penis was hard as the tree itself with
suﬀering. ""And when he was ﬁnished, the most extraordinary thing
happened. I found myself kneeling at his feet, kissing his feet and
more than that, I was twisting my hips, and thrusting and doing all
in my power to beg him to relieve the passion between my legs, to
allow me some release, for I had known absolutely none in the
kitchen. ""He laughed at all this. He pulled me up, impaled me easily on
his whip handle and drove me back towards the kitchen. I was

weeping as uncontrollably as ever in my life. ""The vast room was almost empty. All were out tending the
vegetable gardens, or in the anterooms above as the meals were
being served, and only a young serving girl remained, who climbed
to her feet at once when she saw us.",The_Claiming_of_Sleeping_Beauty_8_18
340849_13_14,"Did you make love to me?"" she said
with tears in her eyes. ""What difference does it make? I told you I didn't do anything. Don't you trust me?"" After what had just happened, not really. He had taken
advantage of her while she was out cold. He had gotten her to undress, almost
nude, but not entirely, and had taken his own clothes off. It certainly didn't look like a wholesome scene when she woke up, but nor did
she feel as though she'd been raped. She knew that would have been a familiar

feeling. Remembering that comforted her. Maybe he had done nothing more than
she remembered.",malice_13_14
223085_51_16,"You still don’t understand, do you? Why do you think I
was so shaken? Because I’m pregnant? Because she struck Kennit and made
him bleed?’
Wintrow shrugged in helpless silence. Etta leaned her head closer to his. ‘I
wanted to kill her. I wanted to do whatever I had to do to her to make her be

silent. Because she was speaking the truth, and I couldn’t stand to hear it. Your aunt is not mad, Wintrow. At least, no more mad than any woman
becomes after rape.",Liveship_Ship_of_Destiny_51_16
565747_23_15,"Brock was not one bad apple, he just threatened to expose the greater,
underlying issues of sexual violence on campus. Stanford should have taken
the opportunity to conduct a systemic review of procedures and policies. To
make sure that when a victim is harmed, there are services in place to take
immediate action. To reevaluate safety on campus. To make survivors feel
supported. They should have said, It mattered, what happened to you. A few days after my statement went viral, Stanford came out with a
statement of its own: There has been a significant amount of
misinformation circulating about Stanford’s role. In this case, Stanford
University, its students, its police and its staff members did everything they
could. They said when they’d learned my identity, the university reached
out confidentially to offer her support. When I read their statement,
unapologetic, almost prideful, Stanford takes the issue of sexual assault
extremely seriously and has been a national leader in taking concrete
steps .",Know_My_Name_23_15
565747_6_23,"He’s already violating an unspoken rule, why would he
suddenly decide to adhere to reason? What would give you reason to think
he’d stop if you told him to? And in this case, with my being unconscious,
why were there still so many questions? There was another line of argument that nagged at me: the suggestion
that boys simply could not help themselves. As if he never had a choice. I
have told each of my girls heading off to college: If you walk in front of a
semi truck expect to get hit. Don’t walk in front of a semi. If you go to a frat
party expect to get drunk, drugged and raped. Don’t go to a frat party. You
went to a frat and got assaulted?",Know_My_Name_6_23
565747_6_72,"You have a nice day too. Since there was no penile penetration,
five felony counts would be reduced to three; rape charges were dropped
while sexual assault charges remained. My celebration died down as I
realized how this would appear in the news. People would say, See! They
were wrong. Soon they’ll throw out the rest of the charges too. How come
the victim doesn’t pay for the crime of false accusation? The DA is after
him, sad his reputation was already ruined. Sickens me to see an innocent
person used as a scapegoat. When will she apologize?",Know_My_Name_6_72
917330_15_44,"Bjurman raised his eyebrows. Hard-nosed bitch. She really is fucking retarded. He handed her the cheque he had
written when she was in the bathroom. This is better than a whore. She gets paid with her own money. He gave her an
arrogant smile. Salander took the cheque and left. CHAPTER 12
Wednesday, February 19
If Salander had been an ordinary citizen, she would most likely have called the police and reported the rape as soon as
she left Advokat Bjurman’s office. The bruises on her neck, as well as the DNA signature of his semen staining her
body and clothing, would have nailed him.",The_Girl_With_The_Dragon_Tattoo_15_44
37865_26_20,"In churches where the preachers talked about black equality, they
sometimes planted charges of dynamite. Most of the history books talk
more about the KKK than they do about the Legion of White Decency, and
a lot of people don’t even know there was such a thing. I think it might be
because most of the histories have been written by Northerners and they’re
ashamed. “It was most pop‘lar in the big cities and the manufacturin areas. New
York, New Jersey, Detroit, Baltimore, Boston, Portsmouth—they all had
their chapters. They tried to organize in Maine, but Derry was the only
place they had any real success. Oh, for awhile there was a pretty good
chapter in Lewiston—this was around the same time as the fire at the Black
Spot—but they weren’t worried about niggers raping white women or
taking jobs that should have belonged to white men, because there weren’t
any niggers to speak of up here. In Lewiston they were worried about
tramps and hobos and that something called ‘the bonus army’ would join up
with something they called ‘the Communist riffraff army,’ by which they
meant any man who was out of work. The Legion of Decency used to send
these fellows out of town just as fast as they came in. Sometimes they
stuffed poison ivy down the backs of their pants.",It_26_20
565747_16_55,"He made me his
real-life ventriloquist doll, put his hands inside me and made me speak. On Thursday, court was closed. My friend Matt and I went to my
favorite Indian spot, sat outside scraping orange rice from a metal tin. There
was a local newspaper on the table, Brock striding in a suit on the front
page. I glanced at it a few times, afraid to show too much interest. Matt
scanned the paper. I was biting into a samosa when he said, Did you hear
about the girl who got raped? I played dumb. Recently? I said.",Know_My_Name_16_55
951952_4_24,"What’s
your paper on? I just did one on date rape. Date rape, I said. You’re so trendy. It sounds like some kind of dessert. Date Rapé. Ha ha, said Moira. Get your coat. She got it herself and tossed it at me. I’m borrowing five bucks off you,
okay?",the_handmaids_tale_4_24
131302_40_51,"18: WHAT JARITH FOUND
*

Felicia Nacinte’s masterpiece The Rape of Thoris has regrettably since been destroyed, but some of
her other paintings, particularly The Morgage Rout, The Courtship of the Duke’s Daughter, and A
Rose for Thaena, are on display at the Duke’s palace in Khorvesh. I highly recommend their
viewing if you ever have the opportunity. 19: DREAM OF A GODDESS
*

Radiation of what? I would give much to be able to ask Taja for elaboration on these points. Assuming that this dream was really an encounter with the goddess herself (for the record, yes, I
am assuming exactly that). However, in substantiation of these claims, I’ve been able to find no
mention of any celestial phenomena resembling Tya’s Veil prior to the God-King Era. And prior to
the God-King Era, poetry involving the sun and sky did indeed use “yellow” and “blue” as central
color motifs. 20: VALATHEA
*

I rather suspect that statement is wrong on all possible counts. The closest translation of Valathea is “the exquisite sorrow that comes from understanding great
truths.” It is a female Kirpis vané given name, currently out of vogue. *
Not better at all, I suspect.",The_Ruin_of_Kings_40_51
565747_18_39,". Please do not confuse that strength with the deep,
negative, and permanent impact that comes with a man publicly sexually
assaulting a woman while unconscious, and the year-long, media-ridden
trial that has followed. I ached from the way this ugly event had reared its
head in our relationship as we struggled to incorporate it into our lives. . . . Chanel habitually hides in our apartment bathroom and locks the
door . . . for hours at a time, unprompted.",Know_My_Name_18_39
223085_46_3,"‘She’s a woman. That happens to women all the
time. They’re accustomed to it.’
‘You raped her.’
He laughed aloud. ‘Scarcely. She likes me. She said I was courteous and a
gentleman.’ He took a breath. ‘She only resisted because she’s not a whore.’
‘Why did you really do it, Kennit?’
The question was relentless. Did the charm know that the same query
rattled endlessly in his own mind? He had thought he was going to stop. He
had stopped, until she began crying in the dark.",Liveship_Ship_of_Destiny_46_3
917330_31_1,"He put a T-shirt
around my neck and pulled it as tight as he could. I blacked out. I don’t have the slightest doubt that he really was trying
to kill me, and for the first time that night he managed to complete the rape.”
Harriet looked at Blomkvist. Her eyes entreated him to understand. “But he was so drunk that somehow I managed to get away. I jumped down from the loft and fled. I was naked and I
ran without thinking, and ended up on the jetty by the water. He came staggering after me.”
Blomkvist suddenly wished that she would not tell him anything more. “I was strong enough to shove an old drunk into the water. I used an oar to hold him under until he wasn’t struggling
any more.",The_Girl_With_The_Dragon_Tattoo_31_1
339707_1_44,"Rape is forced sex. A man can force a woman to have sex. That’s what
happened. I nodded. But I wanted to know something else. Will she die from it? No, said Clemence immediately. She won’t die. But sometimes—

She bit down on her lips from the inside so they made a frowning line
and she squinted at the picture. —it’s more complicated, she said finally.",The_Round_House_1_44
565747_1_46,"Sifted through a haphazard basket of donated hotel
shampoos, green tea, coastal breeze, spa sandalwood. I turned the handle. For the first time I stood fully naked and alone, no more cooing sounds or
tender hands. It was quiet but for the water hitting the floor. Nobody had said rape except for that piece of paper. I closed my eyes. All I could see was my sister under a circle of light before my memory
flickered out. What was missing? I looked down, stretched out my labia,
saw that it was dark from the paint, felt sick from its merlot eggplant color. Tell me what happened.",Know_My_Name_1_46
565747_18_64,"I had not
known my case was unusual. Some weight should be given to the fact that a defendant who is, albeit
voluntarily, intoxicated versus a defendant who commits an assault with
intent to commit rape, a completely sober defendant, there is less moral
culpability attached to the defendant who is legally intoxicated. I had heard
this sentiment echoed in the probation officer’s statement. Alcohol freed
Brock of moral culpability. The judge laid out reason after reason: he was youthful, had no prior
criminal offenses, no weapons, and the degree of monetary loss to the
victim is not really applicable. He said the crime didn’t demonstrate
criminal sophistication, Brock did not take advantage of a position of trust
or confidence to commit the crime, and registering as a sex offender was
already a consequence. Obviously, a prison sentence would have a severe
impact on him. I was struggling to comprehend, wanted to lean forward and
tap my DA, What’s happening? He addressed the adverse collateral consequences on the defendant’s life
resulting from the felony conviction. And those are severe.",Know_My_Name_18_64
917330_29_116,"That was about when I got down to the basement. And that means that we know what her aborted
conversation with Henrik was to have been about.”
Blomkvist frowned. “Not really. Think of the chronology. We don’t know when Gottfried first raped his son, but he took

Martin with him when he murdered Lea Persson in Uddevalla in 1962. He drowned in 1965. Before that, he and Martin
tried to talk to Harriet. Where does that lead us?”
“Martin wasn’t the only one that Gottfried assaulted. He also assaulted Harriet.”
“Gottfried was the teacher. Martin was the pupil.",The_Girl_With_The_Dragon_Tattoo_29_116
630140_26_6,"The thorns ripped at his clothes and sometimes at his bare
flesh, but he barely noticed. Bees hummed drowsily around him. He never
saw the old and rotted well-cover half buried in tall grass and blackberry
creepers. It gave under his weight with a grinding, splintering crash, and
Sam plunged twenty feet down the rock-lined shaft to the dry bottom,
where he broke both legs. He died twenty hours later, as much from fear
and misery as from shock and hunger and dehydration. Irma Fayette lived in Lodi, California. She was a lady of twenty-six, a
virgin, morbidly afraid of rape. Her life had been one long nightmare since
June twenty-third, when looting had broken out in town and there had been
no police to stop the looters. Irma had a small house on a side-street; her
mother had lived there with her until she had died of a stroke in 1985. When the looting began, and the gunshots, and the horrifying sound of
drunken men roaring up and down the streets of the main business section
on motorcycles, Irma had locked all the doors and then had hidden in the
spare room downstairs.",The_Stand_26_6
565747_22_2,"Brock
said he’d failed to tell the detective so many crucial details upon his initial
arrest because . . . my mind was going a million miles an hour, and it was
impossible for me to think clearly about what happened. Meanwhile victims
are always expected to think clearly, we don’t get to use fear as an excuse. Senseless violence continues to play out, while you ask for more and more
evidence, telling us it’s not enough, try again. Even when sexual assault claims are brought to police, only a small
percentage will be taken up by prosecutors. This is not because prosecutors
do not believe the victims, it is because they know the burden of proof is
extremely high, as one must prove the assault occurred beyond a reasonable
doubt. Prosecutors will not put you through the entire process if evidence is
scant and chances are low to begin with, which means even if the victim
wants to move forward, it is not always up to her. That leaves filing a lawsuit in civil court, which requires a lower
standard of proof, preponderance of evidence.",Know_My_Name_22_2
415742_8_7,"you can’t stay here for ever,
you’ve got to move on up
she swipes her card on the turnstile, enters the inner sanctum

glides into the sleek lift when its glass doors slide silently apart, behind
Brian, her boss
who took her out for a drink a year after she’d joined the firm
she spent hours trapped in a brick alcove with him in a basement wine
bar, listening to him going on about how he’s never got over the fact that
while his father, grandfather and great-grandfather were fishmongers at
Billingsgate who came home stinking of rancid fish, he himself had walked
into a job as a trader at the Stock Exchange straight out of a crap secondary
modern school (in the days when you could), with no qualifications other
than a savant ability with numbers and the gift of the gab
and worked his way up
he was committed to opening doors for others such as herself, he said,
because the idea of the meritocratic culture of banking was a myth, and
you’re never going to be invited to join any gentlemen’s clubs or golfing
clubs and get fast tracked that way
even though her line manager had told him she was greatly admired for
her research skills, scarily analytical thinking, concise yet comprehensive
reports, confident presentation skills, unfailing adherence to deadlines,
ability to grasp financial data at a speed not known to normal humans, as
well as fascistic attention to detail – rumour has it that a stray or absent
comma has yet to be detected
so he was going to make sure the firm promoted her to Associate sooner
than most
because she deserved it
so what if she was only interested in spreadsheets and not spreading her
legs, although those days have long passed as a way for a woman to get on,
quite right too, he said, plunging into tales of the heady hedonism of his
stock trading career in the eighties, when boozy lunches ran into ‘gin & tea
time’ and from thereon spilled tipsily into the ‘cocktail hour’ before a pack
of them trawled West End bars eventually ending up at strip joints
he’d been tamed by middle age, he said
she saw no signs of it as he became progressively inebriated, leery and
confessional about his increasingly plasticized wife, who was at risk of
becoming more man-made than organic
who put up with his affairs in order to hold on to the lifestyle he offered
her, recently buying a fish tank for their conservatory filled with the rarest,
ugliest, most expensive fish in the world

what else was she going to spend his money on when she had
everything? and until recently he’s had an indecently juvenile mistress from
Lithuania ensconced in his pied à terre in the Barbican, who’d since
graduated with a degree in computer science
freeing up space for a third woman in his life, if you’re ever tempted, I
mean that body with those brains, he has fantasies, he said, before rushing
off to the loo to throw up before he had a chance to divulge them
Carole and Brian greet and exchange pleasantries as they stand opposite
each other in the see-through lift that shoots six people at a time in six
seconds up to the top floor offices
whereupon Brian turns towards his suite to sit facing a glass wall that
overlooks the spires of the City’s gothic churches and the baroque guild
halls of the livery companies, including his own
The Worshipful Company of International Bankers
he still wants her, she can tell, the filthy old lech, how dare he talk to her
like that, she still got promoted to Associate prematurely, she almost
respects him for that, and she recently became a Vice President, one of
several hundred in this bank, as opposed to the thousands in others
her mother tells everyone about her daughter the Vice President
as if she’s VP of the United States of America
Carole stops a while and looks out of the glass wall on to the undulating
wave of the Millennium Bridge
elegantly slim-line and initially so unstable it closed for two years
shortly after opening because no one suspected that so many people
crossing it at the same time would begin to walk in lockstep
and the effect, like armies of marching soldiers stamping the ground in
sync, created vibrations that caused the bridge to sway
it’s how she sees herself, walking in silent lockstep with the people who
are going places
she watches the stream of people crossing the bridge this morning, most
of whom are more engaged with their phones, taking selfies, tourist pics,
posting, texting, than actually taking in the views either side of the bridge
people have to share everything they do these days, from meals, to
nights out, to selfies of themselves half naked in a mirror
the borders between public and private are dissolving

Carole finds it fascinating and appalling, she’s read that one day humans
will have a network of nano-electronics integrated into their neural
pathways, implanted at the cellular level a month after conception, selfgrowing, self-repairing
we’ll all be cyborgs, she thinks, primed to behave in socially acceptable
ways, instead of primal beings who cannot be so easily controlled
perhaps it will stop vile men raping drunken little girls
(and getting away with it)
perhaps it will stop little girls feeling it’s their fault
(and never telling a soul)
far off in the distance, Carole sees a plane begin its descent into City
Airport, probably passing over her childhood estate in Peckham
she wonders what happened to LaTisha, last seen by Carole sticking two
fingers up at the school as she exited the doors of the former workhouse at
sixteen, they’d been such great friends once – I swear, on my life, this ain’t
no joke
LaTisha’s probably a babymother now, or a gang leader, or banged up,
or all three
all of Carole’s closest circle of friends are from university, most are high
flyers
Marcus, now a great friend after their relationship ended when he
returned to Kenya after university, works in wildlife conservation, has a
Kenyan wife and mixed-race children, Carole is godmother to their eldest
Rosie is a barrister for Slaughter & May, a Magic Circle law firm; Toby
is a management consultant with KPMG, a Big Four auditor; Patricia is
completing a PhD in Theoretical Physics; Melanie is an executive at Google
UK; and Priya is in training to become a GP
only two of them are straggling behind, Lucy, who doesn’t know what
she wants in the long term so takes short-term temping contracts, saves,
goes off backpacking like a teenager, returns to England full of stories but
her career hasn’t moved on
poor Gerry became a learning mentor in a Middlesbrough school to
research the great novel he was going to write about northern working-class
boys
seven years later, he’s still there and the novel hasn’t been written
they catch up when they can, individually, as a group, at dinner parties,
the occasional wedding, or they decamp for the weekend to Rosie’s parents’

manor where she has the run of the place now since the parents retired to
their second home in Barbados
Carole, who took up horse riding there while still a student, considers
herself an equestrian these days
she also counts clay-pigeon shooting as a hobby
she looks over at the Tate on the opposite side of the river, where she
occasionally wanders the galleries to clear her head during lunchtime (when
she takes one), to marvel at the ability of artists to make such mind-blowing
creations out of their imagination
imagination
what was that? does she even have one? she allows her gaze to travel south along the river path that leads
towards the National Theatre, opening an all-female production this very
night about black lesbian warriors, according to Freddy, who was probably
exaggerating for comic effect
he has tickets, insists she attend, is going to drop by to drag her away to
see hot lesbian action on stage and hopefully be turned on enough to
entertain the idea of the mythical threesome: two women, one man, you
know you want to, Honeycakes
no I flipping well don’t, she replies, laughing
he never fails to amuse her, never fails to be there for her when she
wants him, to love her as she wants to be loved
to leave her alone when she needs solitude
Carole has only had two boyfriends, Marcus and Freddy, it’s not that
she consciously rejected black men, it was the other way round, they were
in short supply at university and those that made it there didn’t generally go
for the few dark-skinned black women around
nor in the City brasseries she frequented when single and on the lookout
not that she’s blaming them, it’s what they have to do to get on, to
reduce the threat they’re supposed to be to society
one thing she’s learnt is that falling hopelessly, helplessly in love is
actually a highly selective process
she was never going to marry a street cleaner, was she? she met Freddy at a party a couple of years into her job when she was
living back home with her mother to save money

she was flattered that this handsome, preppy and genuinely plummy
man was interested in her when the room was full of stunning debutante
types eyeing him up
she said yes to the Curzon Soho cinema date to see a Venezuelan film
on a Sunday afternoon
yes to the leisurely walk through the backstreets of the West End to
Hyde Park
yes to dinner in a Lebanese restaurant on Edgware Road and thereafter
late-night drinks at his father’s club in Pall Mall
yes to his knockout humour and genuine interest in her life and opinions
yes to his intelligence, conversational skills and easy-going personality
yes to his romantic hand-holding and all-round good manners
yes to his obvious infatuation with her
he told her he was raised in a villa in Richmond with a lawn that swept
down to the Thames with its own jetty where a motorboat was moored for
excursions
he was enthralled by her own childhood on a Peckham housing estate,
impressed that she’d made it against so many obstacles
he said he had merely stepped rather casually into the grooves of a preordained track laid down by his family, beginning with an eccentric
boarding school in Wiltshire attended by almost every male in his family
since 1880, a school that taught Latin and Ancient Greek for twenty-one out
of the thirty-one classes a week when his father was there
thankfully cut back to only seven classes in Freddy’s time
after a whirlwind world tour during his gap year, he flew to a private
New England liberal arts college, most generously endowed by his alumnus
father the year his Straight C son applied
the son who graduated four years later with an embarrassingly low
Grade Point Average on account of being side-tracked by about thirty other
teenage boys left to their own devices for the first time in a frat house where
he partied most nights and ingested various mind-altering substances which
often left him out of it for days
barely able to speak, let alone write
not that it mattered
in his final semester he was offered a well-remunerated starter position
in the City as a result of his mother calling in a favour from a school friend
who’d been one of her bridesmaids

she said Freddy could start the day he landed back in Old England from
New England
no interview necessary, he’ll just need to do a bit of boring old formfilling, darling
ever since, he’s found the corporate lifestyle so stultifying and souldestroying, he dreams of living in a wigwam in a field and growing his own
food
Carole moved directly from her mother’s flat where she stayed rent free
for a couple of years after graduation to save for a mortgage
into Freddy’s house in Fulham where the relationship moved into the
engagement phase
I’ll be the househusband in the relationship, he promised, hang prettily
off your arm when required, mow the lawn, make jam, supervise the
housekeeper and raise our lovely tawny offspring
she loved that he was prepared to be subservient to her ambition
she knew she’d go further faster with him at her side
he said his parents wanted him to marry someone whose lineage, like
theirs, could be traced back to William the Conqueror
you should have seen their faces when I told them. Bummi
1
Bummi
did not foresee the long-term negative impact of her daughter going to
the famous university for rich people
especially when she returned home after her first term wailing that she
could not go back because she did not belong there
whereupon Bummi applied a tissue or two to her daughter’s eyes and
cheeks and asked her outright and forthrightly, Carole, have I raised a
fighter or a quitter? you must return to the university and get your degree by
hook or by crook or I cannot vouch for the consequences of my actions
Bummi did not subsequently expect Carole to return home after her
second term speaking out of her nose like there was a sneeze trapped up it
instead of using the powerful vibrations of her Nigerian vocal power, all the
while looking haughtily around their cosy little flat as if it was now a fleapit
did she think her mama did not notice the external manifestation of her
internal mind? eh! eh!, you do not raise a child without becoming an expert
in the non-verbal signals they think you are too stupid to see
that first summer holiday Carole worked in Marks & Spencer in
Lewisham, not to start paying off her student debt like a responsible adult,

but to buy clothes from those expensive fashion shops called Oasis and
Zara, instead of getting bargains at New Look and Peacock
in her second year she barely came home at all and by her final year she
was spending weekends and holidays at her friend Rosie’s family manor in
the countryside, which had more rooms than a housing estate, she said, it’s
simply divine, Mother, simply divine
(Mother – was she being ironical?)
when Bummi watched her daughter collect her degree at graduation,
tears streamed down her face so heavily it was like rain lashing a car
window

without the windscreen wipers
she wished Augustine was there to witness their little girl making it, she
also wished Carole had come home to continue celebrations with the pot of
bush stew Bummi had cooked specially, hoping that now her daughter had
graduated, she would return to her real culture and even eat with her hands
again instead of side-glancing her mama for doing so, as if she was a savage
from the jungle
before she got on the train back to London, Bummi impressed upon
Carole for the umpteenth time that now she had to acquire a high-flying job
and then a respectable Nigerian husband in order to give her grandchildren
Carole had introduced no boyfriends to her mother thus far, which
meant they were of little importance to her daughter
nearly a week later, Carole returned to the flat red-eyed and ‘exhausted’
because she had been out ‘partying’, Mother
what is this partying? Bummi asked, you are too old for such things, are
you sleeping around?",Girl_Woman_Other_8_7
917330_19_23,"“This video shows you raping a mentally handicapped twenty-four-year-old girl
for whom you were appointed guardian. And you have no idea how mentally handicapped I can be if push comes to
shove. Anyone who sees this video will discover that you’re not merely a pervert but an insane sadist. This is the
second and I hope the last time I’ll ever have to watch this video. It’s quite instructive, don’t you think? My guess is that
you’re the one who’s going to be institutionalised, not me. Are you following me so far?”
She waited. He did not react, but she could see him quivering. She grabbed the whip and flicked it right over his
genitals. “Are you following me?” she said more loudly.",The_Girl_With_The_Dragon_Tattoo_19_23
565747_1_27,"Was it dawn
already? We entered a one-story building, empty. They guided me into an
office. I sat in my pile of blankets on a couch, noticed the spines of binders
on a shelf labeled SART. In black Sharpie, below it, Sexual Assault
Response Team. So this was who they were. I was nothing more than an observer, two
eyes planted inside a beige cadaver with a nest of ratty brown hair. That
morning, I would watch silver needles puncture my skin, bloody Q-tips
emerge from between my legs, yet nothing would elicit a flinch or wince or
intake of breath. My senses had shut off, my body a nerveless mannequin. All I understood was the ladies in the white coats were the ones to be
trusted, so I obeyed every command, smiled when they smiled at me.",Know_My_Name_1_27
565747_6_69,"Would he know I was the one who requested it? Can’t you do these
things without asking me? I never responded. When a friend came over, I
quickly slipped the letter off my desk. My way of dealing with it was to not
deal with it, to throw away the incoming letters, to refuse to research what
this process might look like. My rape kit still hadn’t been tested in the crime lab. They told me it
would be expedited due to media pressure, but months later I was still
waiting. I figured it had something to do with results showing up slowly,
some DNA sciencey who knows what. But I was told it was because of the
backlog of kits. There were hundreds in line before me, some kits kept so
long they grew mold, some thrown out, the lucky ones refrigerated.",Know_My_Name_6_69
223085_21_67,"Then she drew
breath, rallying her strength. ‘They must not rape you. If they do … and
Cosgo does not challenge them … they will lose all respect … for all of us. ‘Don’t tell Cosgo. He would use it … to make you obey. To threaten you.’
She sucked in a painful breath. ‘Or give you to them … to buy favour. Like
Serilla.’ She took breath again. ‘We must protect you … to protect all of us.’
Kekki groped weakly around herself, then picked up one of the rags Malta
used to dab blood away from her mouth. ‘Here.",Liveship_Ship_of_Destiny_21_67
415742_3_1,"her room is the largest in her block on account of the ‘extreme
claustrophobia and social anxiety’ stunt she pulled to get it
it overlooks the canal that runs along the border of the campus through
to the wetlands beyond with its otters (or is it badgers?) and herons (or is it
geese?) and other birdy, animalistic things she doesn’t recognize and can’t
be bothered to look up
she’d rather fill her head with stuff that will help her get on in life and
naming the wildlife of eastern England don’t come into it
the other side of her room overlooks the pathways that zig-zag through
the campus, from which a stream of caners stagger past her window to their
rooms most nights, usually drunk and selfishly loud, having been drinking
in town or in the Student Union bar
she’s only been in it once as it was crammed with the drunken dregs of
humanity, i.e. the type of boys who get progressively malodorous as the
term progresses because their mother isn’t dunking them screaming into a
bath every night
the kind of boys who wear increasingly injured expressions because
they don’t understand why no one will sit next to them in lectures and no
one wants to tell them, yo, you stink, bro
Yazz thought she’d find romance at uni, a nice guy on her level who
doesn’t look like the back of a bus and is taller than her (prerequisite)
someone to snuggle up to on Saturday evenings and to laze away
Sunday mornings in bed listening to music while she catches up with the
New Yorker, Observer, gal-dem, The Root, Atlantic and thegrio
because one day she will write for them

sadly, Mum has more pulling power than her and is actually considered
hot in the lesbian world
her girlfriends du jour, as Dad puts it (hey, why speak English when you
can speak French?), are two white women, Dolores and Jackie, although
Mum has been with every ethnicity known to humankind (it’s called
multiracial whoredom)
they’re all very cosy together which is quite heart-warming seeing as
Mum’s women have gone to war over her
it’s strange, and suspicious, because with Dolores and Jackie there are
no screaming matches, no ranting answerphone messages, no one trying to
kick in the front door in the middle of the night, and no one skulking in a
corner looking daggers at her rival at Mum’s parties
it’s like they actually like each other, Yazz suspects they have gruesome
threesomes, and can’t bring herself to ask
besides, she’s lost count of the women who’ve come and gone to the
point that the new ones barely register on her Richter scale of annoyance
there’ll inevitably be a new face around the breakfast table trying to
befriend the daughter of their new lover, running around making her toast,
omelette with cheese and tomatoes, pouring her juice, washing up the
dishes after her
the daughter who’ll drop numerous unsubtle hints when her
birthday/Christmas/Easter are approaching
(and why isn’t the marmalade on the table?)
when Yazz talks about her unusual upbringing to people, the unworldly
ones expect her to be emotionally damaged from it, like how can you not be
when your mum’s a polyamorous lesbian and your father’s a gay narcissist
(as she describes him), and you were shunted between both their homes and
dumped with various godparents while your parents pursued their careers? this annoys Yazz who can’t stand people saying anything negative about
her parents
that’s her prerogative
anyway, she’s resigned herself to hanging out with the squad at uni
rather than going out manhunting
it’s unfortunate that she’s coming of age as one of the Swipe-Like-ChatInvite-Fuck Generation where men expect you to give it up on the first (and
only) date, have no pubic hair at all, and do the disgusting things they’ve
seen women do in porn movies on the internet

which she suspects the boys in her halls watch all day and all night,
boys who are rarely seen outside their rooms (lectures? what lectures?)
she’s only been on one date at uni, which involved sitting at a bar with a
male specimen she’d thought was an interesting person, who was obviously
swiping his phone to see if someone more fanciable was in the vicinity
before making his pathetic excuses about having to do revision
she left shortly after he did, saw him chatting up a woman in a bar a few
doors down when she passed on her way home
Yazz reckons that by the time guys her age want to settle down, her
ovaries will be busted and they’ll be on to women half their age who can
still drop babies at the drop of a hat

so
even though she’s considered reasonably attractive (as in not 100%
ugly), with her own unique style (part 90s Goth, part post-hip hop, part
slutty ho, part alien), she’s having to compete with images of girls on
fucksites with collagen pouts and their bloated silicone tits out
Yazz has considered dating older guys in their thirties (who are always
up for banging teenagers), until she visualizes the nose hair, wrinkly cock
and pot belly scenario
so until such time as someone suitable comes along (if he ever will)
who can offer proper commitment with a view to a monogamous
relationship in the long term (her mother she is not), she’s got herself a
booty call in Steve, an American who’s studying for a PhD on ‘the
interrelationship and aesthetics of hip hop and racial politics in the eighties’
unfortunately, he’s also got a girlfriend in Chicago, which provokes
something of a moral conundrum when they’re in bed together, and she
calls and he lies about what he’s doing
Yazz sometimes has sleepless nights worrying she’ll be alone for the
whole of her life
if she can’t get a proper boyfriend at nineteen what hope is there for
when she’s older? a couple of Mum’s female friends have been single for decades, not the
lesbians who have little problem getting off with each other, but the straight
ones who’ve got good jobs and houses and no partner to share it with, who
say they’re not prepared to settle at this stage in their lives
Mum accuses them of ‘Looking for Obama Syndrome’

behind their backs
Nenet, the third member of the squad, is engaged to Kadim who’s
studying in America, her parents chose him for her
she resisted at first until they threatened to cast her out, and the thought
of having to actually find a job after uni and earn her own money, like the
rest of them, brought her round
luckily, she hit it off with him once she actually met and got to know
him, and is often off for long weekends (like Wednesday to Monday) in
Connecticut where he’s studying
even so she gets As for her coursework, she’s that clever
she’s also super-confident and the last person anyone should mess with
when a boy on campus starting sending her explicit texts, she reported
him to the university and he narrowly avoided being thrown out
when a classmate was raped and broke down in front of her, Nenet paid
for a lawyer who got the rapist imprisoned for six years
after which, they all agree, he’ll be back on the streets raping more
women
Waris is dating Einar, a Somali-Norwegian boy she’s been with since
they sat in History together at school
they’re both big anime fans and go to London Comic Con every year
Waris draws cartoons as a hobby and is developing a female Somali
superhero
who hunts down men who hurt women
and castrates them, slowly

without anaesthetics
while they lounge around, Yazz makes everyone hot chocolate from
sachets and offers the shortbread biscuits Mum makes for her as she’s
weirdly taken up baking since Yazz went to uni, almost like she realizes
she’s not been the perfect picket-fence mum and is making amends
three-quarters of the squad don’t drink much, if at all
Yazz’s mind is her most valuable asset and she’s not going to mess with
it
Waris says yes to the hijab and sex outside marriage, no to booze and
pork
Nenet says she expects to start drinking after a few years of marriage to
Kadim when he takes on his first official mistress, which is what happened
with her own mother, who starts the day with a G&T and ends it with a
liqueur, having consumed a bottle of wine or three in between
Courtney’s the only one whose social interactions are accompanied by
red wine
Yazz was drawn to Waris on the second day of Fresher Week at the
welcome party in the sports hall where they both skulked on the periphery;
Yazz gravitated towards Waris’s resting bitch face, as she later told her,
which Waris took in good humour, asking Yazz if she’d looked in the mirror
recently
they agreed that their peers were really immature, while sipping iced tea
in a corner of a Starbucks on campus far away from the bedlam of the other
freshers running around with their foam parties, disco paintballing, treasure
hunts and group pub crawls that were bound to end up with A&E
emergencies, Yazz predicted
whose idea was it? she wrote on the official Fresher Week feedback
form
to introduce these poor young things to alcohol poisoning the first week
they’re away from home? why don’t you also book them into rehab now instead of waiting for the
first signs of liver damage to show in their second year? Waris
matches her headscarves with the colour of her flowing clothes
she has green days, brown days, blue days, floral days, fluorescent days
– never black days (she’s not a traditionalist)
she often sticks her phone just inside her hijab to carry out hands-free
conversations, which Yazz tells her is an excellent blend of religiosity and
practicality
to which Waris replies that she wears a hijab to make a statement about
her Muslim identity, and while there are those who make out it’s a proper
religious thing, there’s nothing about women covering up in the Koran, you
know? Waris doesn’t ever leave her room without applying a smooth paste of
foundation on to her already perfect complexion
whole tubes of mascara to thicken already forested eyelashes
and her eyebrows are painted into a high arch that practically stretches
all the way to her ears
Waris says she’s ugly without her ‘face on’, even though Yazz reassures
her that Somali women are the most beautiful in the world, and that
includes you too, Waris
Waris says she’s fat, even though she’s perfectly normal-sized, pinching
her thighs so hard they go mottled then showing Yazz her ‘cellulite’, which
is non-existent, Waris, it’s just flesh being squeezed so tightly it nearly pops
she sometimes wears sunglasses when there’s no sun – at night and
inside buildings
she even tried it on in class, looking fierce and super-cool until one
brave lecturer, Dr Sandra Reynolds (call me Sandy, guys and gals), showed
she wasn’t the pushover they thought she was when she ordered Waris to
take them off unless she had a medical condition and certificate to prove it

or to leave her class
it’s to make myself look fearless, Waris explained to Yazz after they’d
treated themselves to a pizza one Saturday lunchtime and were making their
way back to campus on the slippery and rainy cobbled streets of the
university town where they stood out
or maybe it’s to hide your fear, Yazz suggested, you’re actually feeling
fear-ful, the words are separated by a few letters, fear-ful or fear-less,
similar but diametrically different, see? Yazz felt a surge of preternatural wisdom beyond her years
it was one of those moments
Waris looked pensive as they walked on in silence, and then replied,
equally sagaciously, perhaps it’s both
in that moment Yazz understood why they got on so well, they were on
the same intellectual wavelength
life was different before 9/11, Waris said, as they left the town behind
and walked along a busy main road passing big old houses made of thick
slabs of grey stone; she was too young to remember the ‘before era’, when
her mother said people looked at hijabbed women with surprise, curiosity or
pity
then there was the ‘after era’, when her mother said they began to be
viewed with a blatant hostility that gets worse every time a jihadist blows
white people up, or mows them down in a truck
at times like these Waris braces herself to get even more shoved, spat at
and called names such as dirty Arab when I’m not even Arab, Yazz
Waris said it’s crazy that people are so stupid to think over one and a
half billion Muslims all think and act the same way, a Muslim man carries
out a mass shooting or blows people up and he’s called a terrorist, a white
man does the exact same thing and he’s called a madman
both sets are mad, Yazz
I know, Waris, I know
Yazz sees the dirty looks Waris gets when they’re walking through town
she gives dirty looks back on her friend’s behalf
Waris said her grandmother rarely left their council flat in
Wolverhampton any more, it was too hard for her to walk the street and get
such hostility, and she’s never stopped mourning everything she’s lost
she lived a well-off lifestyle in Mogadishu until 1991, in a family where
all the adult men worked in the family dental practice, until they were killed

and she fled here with her daughters
these days her grandmother pops prescription pills
she sits in the living room disappearing into herself
until one day she’ll be lost to them for ever
Xaanan, her mother, is completely different, though, she drummed it
into us kids that we could either decide to be crushed by the weight of
history, and modern-day atrocities, or we could go into warrior pose
Dad works in a factory, Mum has two jobs, the first is working in a
refuge for Muslim women and the second is teaching self-defence to
women who cover up, so they can learn how to protect themselves from the
‘hijab grab’ and related assaults
she teaches a mixture of Krav Maga, Jiu Jitsu, Aikido and Pencak Silat
at the local community centre, Waris said proudly; Waris herself learned
mixed martial arts alongside her mother
Yazz and Waris arrive back at the campus and walk down the lane, rain
abating, skies clearing, rainbow appearing
they pass the gym with students in sporty gear entering and leaving
they pass the laundry, students in a zombie daze watching the machines
rotate or playing with their phones
they pass the arts centre with a gallery and a café inside it selling
unaffordable coffee and unaffordable cakes for the posh people who come
on to campus to use it
they walk past the blocks of the accommodation quarter with music and
weed drifting out, until they get to theirs
they go inside the building and climb the stairs as Waris continues
talking, says she’s learned to give as good as she gets if anyone says any of
the following
that terrorism is synonymous with Islam
that she’s oppressed and they feel her pain
if anyone asks her if she’s related to Osama bin Laden
if anyone tells her she’s responsible for them being unemployed
if anyone tells her she’s a cockroach immigrant
if anyone tells her to go back to her jihadist boyfriend
if anyone asks her if she knows any suicide bombers
if anyone tells her she doesn’t belong here and when are you leaving? if anyone asks if she’s going to have an arranged marriage
if anyone asks her why she dresses like a nun

if anyone speaks slowly to her like she can’t speak English
if anyone tells her that her English is really good
if anyone asks her if she’s had FGM, you poor thing
if anyone says they’re going to kill her and her family
you’ve really suffered, Yazz says, I feel sorry for you, not in a
patronizing way, it’s empathy, actually
I haven’t suffered, not really, my mother and grandmother suffered
because they lost their loved ones and their homeland, whereas my
suffering is mainly in my head
it’s not in your head when people deliberately barge into you
it is compared to half a million people who died in the Somali civil war,
I was born here and I’m going to succeed in this country, I can’t afford not
to work my butt off, I know it’s going to be tough when I go on the job
market but you know what, Yazz?",Girl_Woman_Other_3_1
565747_23_38,"They
wouldn’t say it, would never say, We were supposed to protect you, and we
failed. We should have followed up, and we did not. We should have come to
you sooner, we will next time. I attended the art therapy program for survivors of sexual assault and
relationship violence on campus. One evening I drove the hour from San
Francisco to a small room tucked behind a dining hall. The workshop was
led by two women; one who was a confidential support person and one who
was not. When I told them I’d be coming, I was paranoid they’d mark that I
was there, a note passed on to Appleseed, so if I ever said Stanford should
have done more they’d say, We have a note here that Chanel benefited
greatly from the pipe cleaners and markers. I told myself I would simply
observe. A metal pitcher of water and gummies sat in the corner. It was pouring
rain.",Know_My_Name_23_38
339707_4_2,"Bazil. I know. But I cannot refer to it. There was silence. At last my father said, the attack. The rape. I must be
going crazy, too, Edward. I keep losing track of Joe. He’ll be all right. She’ll come out of it, said Edward.",The_Round_House_4_2
630140_8_39,"And one of
their number, a man who could now dial directly to the miserable worm
who had been masquerading as a Chief Executive since January 20, 1989,
had laid his cards carefully down on the green felt table and he had said:
Gentlemen, a regrettable incident has occurred. And when a regrettable
incident occurs which involves any branch of the United States Military, we
don’t question the roots of that incident but rather how the branches may
best be pruned. The service is mother and father to us. And if you find your
mother raped or your father beaten and robbed, before you call the police

or begin an investigation, you cover their nakedness. Because you love
them. Starkey had never heard anyone talk so well before or since. Now he unlocked the bottom drawer of his desk and fumbled out a thin
blue folder bound with red tape. The legend written on the cover read: IF
TAPE IS BROKEN NOTIFY ALL SECURITY DIVISIONS AT ONCE. Starkey broke the
tape. “Are you there, Blue Base One?” the voice was asking.",The_Stand_8_39
340849_4_109,"The judge refused to set bail, which was irrelevant anyway, because there
would have been no one to pay it. And David became the attorney of record. And for the next several days, David did everything he could to try to
convince her to tell the police that her father had raped her, had been for years. But she just wouldn't. And after two incredibly frustrating weeks, he threatened
to throw in the towel. Molly was still visiting her frequently, on her own time
now. Her report for the court had already been completed. She had judged Grace to be sane, and fully competent to stand trial, in her
opinion. David took her through the preliminary hearing, and he had his one lone
investigator talking to everyone in town, hoping that someone, anyone, had
suspected what John Adams was doing to his daughter. People's reactions ranged
from mild surprise to total outrage at the suggestion, and absolutely no one
thought him capable of it, and they said so.",malice_4_109
876008_18_38,"For the last few weeks,
she’d done her best to keep her head up—ignore the article, she told herself. Carry on. That was the coping strategy that had carried her through suicide,
sexual assault, lies, thievery, and catastrophic loss; it would again. Except it
hadn’t. This time, no matter how high she lifted her head, Life’s
misrepresentation of who she was beat her back down again. The damage
felt permanent, like a brand. She would never outrun it. Harriet read aloud from the letters. “If it weren’t for Elizabeth Zott—”
“Harriet, I said I’m not interested,” she snapped. What was the point?",Lessons_in_Chemistry_18_38
565747_4_35,"I had nowhere to put them. They cluttered the
stairwells, could not be contained in cabinets. I was full of these sealed jars,
no room to sit or walk or breathe. Ten days of emptiness passed. I woke up to a text. My sister had sent me
a screenshot of the Stanford Daily Police Blotter. One bullet point read: A
victim’s reportedly U-locked bike was stolen from in front of Roble Hall
sometime between 3 p.m. on Friday and 10 a.m. on Sunday. Another read:
Sunday, Jan. 18. An individual was arrested and transported to the San
Jose Main Jail for attempted rape at 1 a.m. near Lomita Court.",Know_My_Name_4_35
565747_14_4,"Alaleh and I were back inside the empty courtroom. I stepped into my
assigned box like a trained animal. I scanned the rows of padded seats, like
a sad, small movie theater. Soon they’d be filled by my rapist’s family. The
court reporter who winked was not there. When I asked where she went,
Alaleh responded that someone else was on duty, and I nodded to say of
course, but swallowed the sadness that I’d lost one of my few supporters. So much had changed in the last fifteen months, but in court, everything
remained stagnant. Strange the way time did not move, but deepen. We had
revisited that same night over and over again. Questions branched out into
more questions, a root splitting.",Know_My_Name_14_4
917330_31_2,"It didn’t take long.”
When she stopped, the silence was deafening. “And when I looked up, there stood Martin. He looked terrified, but at the same time he was grinning. I don’t know
how long he was outside the cabin, spying on us. From that moment I was at his mercy. He came up to me, grabbed
me by the hair, and led me back to the cabin—to Gottfried’s bed. He tied me up and raped me while our father was still
floating in the water. And I couldn’t even offer any resistance.”
Blomkvist closed his eyes. He was terribly ashamed and wished that he had left Harriet Vanger in peace. But her
voice had taken on a new force.",The_Girl_With_The_Dragon_Tattoo_31_2
339707_19_17,"This buffalo
knew what had happened to Nanapush’s mother. She said wiindigoo justice
must be pursued with great care. A place should be built so that people
could do things in a good way. She said many things, taught Nanapush, so
that, as he lived on, Nanapush was to become wise in his idiocy. Mooshum fell straight back, gave a great sigh, and began his soft rattling
snore. I dropped off too, as suddenly as Nanapush inside the buffalo, and
when I woke I had forgotten Mooshum’s story—although I remembered it
later on in the day, when my father came to get me, because he said the
word carcass. He was very pale and elated, and he was speaking to Uncle
Edward, saying, They’ve got his damned carcass in custody. At that
moment, I remembered Mooshum’s story entirely, vivid as a dream, and
simultaneously knew they’d caught my mother’s rapist. Who is he? Who?",The_Round_House_19_17
131302_36_18,"Kill all of them if you want. All you’re doing is
destroying the only bargaining chips you have. You can’t kill me. I know
you can’t kill me. You can disfigure me, torture me, rape me, whatever—we
both know it’s not permanent. You have one of those zombies do it and the
stone won’t let me die. I’m not giving you the Stone of Shackles, and there
is nothing you can do that will convince me otherwise. How long do you
want to play this game? Until the High General shows up? The Emperor?",The_Ruin_of_Kings_36_18
415742_11_1,"Phillip knew what it was and how to find it without her directions and
what to do with it
furthermore, he was a caring, sensitive soul who wanted to help people
feel better about themselves
they had a quickie wedding with only two witnesses in attendance, she
didn’t want to jinx it by going the whole nine yards
Phillip rented out his large Highgate home and moved into her equally
capacious four-storey house, using the front reception room for his private
practice
in a sense it was quite satisfying that she was now the one leaving the
house to go to work while The Husband stayed at home, albeit working
nontheless, it was symbolic
it was also a great relief when the children eventually took to him, after
a few difficult months including broken nights when she rocked Sarah, in
particular, who missed her father awfully, back to sleep
Phillip won them over by being tactile and affectionate (unlike Giles),
talking and listening to them (unlike Giles), reading to them (unlike Giles),
and helping them with their homework (unlike Giles) while she marked
schoolwork
another refreshing thing about Phillip was the extent of his interest in
her, he wanted to know who she was deep down inside, the real Penny
beyond the pleasant, people-pleasing façade, as was her fate as a woman
and mother
she was flattered he should care so much
nor did he try to impose old-fashioned values on her like horrid Giles, a
Tyrannosaurus Brute who believed in the superiority of the male species
Phillip was a man in touch with modernity

a New Man
as she wrote in her diary

so far so good
until she noticed Phillip’s benevolent probing had a tendency to turn
into intrusive interrogations when she did things he didn’t like or when he
couldn’t get his own way
especially when she expressed herself frankly which, as a liberated
woman to a liberated man, should have been quite acceptable
let’s find out what’s prompting this negative behaviour, shall we? he’d
ask, leaning forward in his chair, the half-eaten dinner on the dining table
between them, staring so deeply into her eyes she felt, how to describe it? psychologically raped, yes, that was it
what happened to you as a child, Penny? he’d ask, it’s clear you have
abandonment issues, let’s unearth your subconscious memory, shall we? I’d rather my subconscious memory remain just that, she replied
then let’s uncover your repressed sexual desires to see what’s holding
you back from being a better person? or
I want you to dig deep, Penny, in order to understand why you
obsessively clean the toilet three times a day? I do it because you piss on the seat, darling, she snapped back
when he asked her why she was equally obsessive about sweeping the
kitchen floor? I do it because you drop toast and biscuit crumbs on it that are trailed
through the rest of the house
when he asked her why she didn’t rinse off the wine glasses before
stacking them on the draining board? she responded by flinging them on the floor
when he asked why she didn’t like his friends (with their black-framed
glasses, black rollneck jumpers and smug intellects), she replied, to be
honest, Phil, they’re not my type, resisting the urge to add, like you, I think,
like you
when he asked why she objected to his Playboy subscription when he
thought she approved of the Sexual Revolution, didn’t she want a liberated
man after all? was she really such an old-fashioned fuddy-duddy?",Girl_Woman_Other_11_1
131302_23_17,"“Yes. Yes, probably.”
“Yeah. That’s what I thought too.”
“As bloodied as she is, there’s a good chance I would have believed
you,” Darzin pointed out. “Ah. Well, good to know if I ever feel like framing myself for rape.” The
young man’s eyes were filled with self-loathing and pleading desperation. “Please don’t kill her, Father. I’ll do anything you want.”
Darzin stared at his so-called son. He contemplated asking for the
necklace right there. It’s possible the boy might agree, just to save
Alshena’s life. An even more delicious irony, since the boy was only here
because of the real Alshena’s sacrifice to Xaltorath. But what was a one-

night affair to a youth who had drunk deep from the cup of decadence?",The_Ruin_of_Kings_23_17
339707_24_67,"Father, I have a question. He waited. I had heard a phrase mentioned long ago and had stored it in my mind. I
asked, What are Sins Crying Out to Heaven for Vengeance? He cocked his head to the side as though he was listening to a sound I
couldn’t hear. Then he flipped through his catechism book and pointed out
the definition. The sins that cried out for vengeance were murder, sodomy,
defrauding a laborer, oppressing the poor. I thought I knew what sodomy was and believed it included rape. So my
thoughts were covered by church doctrine, a fact I had found out the very
first day. Thanks, I said to Father Travis.",The_Round_House_24_67
131302_39_20,"“Calm down,” he ordered, no longer smiling. “Because this spear will
work on you, and I would never forgive myself.”
She paused, teeth still ground together, eyeing him like a crazed bull
wanting to charge. “In this last life, this one I lived most recently—when I was fifteen years
old,” Kihrin said, “Xaltorath found me on the streets of the Capital City and
raped my mind.”
The woman sucked in her breath. On her exhale, her anger ebbed. “He showed me unpleasant things. Truthfully, I still don’t understand
what the point was. Maybe there was no point but torture, but he showed
me a woman. A woman I could never hurt.” He kept one hand on the spear
while he pointed with the other. “He showed me you.”
Confusion muffled the rest of her rage. “Me?",The_Ruin_of_Kings_39_20
917330_19_32,"When she was finished he had stopped whimpering. He seemed to be almost in
a state of apathy. She got down from the bed, cocked her head to one side, and regarded her handiwork with a critical eye. Her artistic
talents were limited. The letters looked at best impressionistic. She had used red and blue ink. The message was
written in caps over five lines that covered his belly, from his nipples to just above his genitals: I AMA SADISTIC PIG, A
PERVERT, AND A RAPIST. She gathered up the needles and placed the ink cartridges in her rucksack. Then she went to the bathroom and
washed. She felt a lot better when she came back in the bedroom.",The_Girl_With_The_Dragon_Tattoo_19_32
565747_7_20,"I just don’t want to— The man said, Well how else is she going to
carry the desk? I understood what the woman meant, that a transaction as
simple as receiving a piece of furniture from a stranger possessed an
inherent threat, that any time we met someone online, we must scan for
signs of assault, rape, death, etc. We knew this. But the guy did not speak
this language; he just saw a desk. I walked an average of six miles a day, taking myself to parks, movie
theaters, bookstores, intent on discovering my new land. No matter where I
went, the same thing kept happening. At first it was an older man, who
nodded and said, Good morning, beautiful, and I turned to see who he was
addressing until I realized it was me. Confused, I said, Good morning,
before even deciding if I should’ve said anything at all. Be kind to the
elderly. A bald man said, Hey, pretty girl, you sure are pretty.",Know_My_Name_7_20
565747_4_40,"She said something like, Are you doing okay I wish we could’ve met
under different circumstances we won’t be able to confirm it was rape until
the DNA results come back they’ve been sent to the lab but rape kits take
months to process yours may be expedited due to media pressure but for
now we’ll assume penile penetration and move forward with five felonies
it’s easier to charge now than add them later but if semen is not found the
two rape charges will be dropped and we’ll go down to three felonies for
assault and attempted rape just be aware his team may be trying to contact
you and your family disguising themselves as supporters so tell family
members not to talk to anyone who hasn’t been approved by Ah-lah-lei and
if the press tries to contact you don’t respond they’re not allowed to contact
you there’s going to be a press conference if they ask about the victim I’ll
tell them to mind their own business you’ll be assigned an advocate who
can answer any legal questions does that sound good nice to meet you I’m
sure we’ll meet soon take care. I stepped out to get a pen, stopped short, stepped in again as my phone
began ringing. A call from Stanford, a woman, she was head of the
something, we just wanted to let you know he’s not allowed on campus
anymore, okay? I thought this was good, but I was not on campus either. Where was he? This handful of minutes would be the first and last time I’d
hear from Stanford for almost two years. Detective Kim called, explained that when the report was filed it became
available to the public, which was how the media found it. He was surprised
by how quickly it’d been swept up by the press. He said Brock had hired

private investigators, so for now it was better not to tell any friends. In
those words my whole world fell away.",Know_My_Name_4_40
565747_6_64,"But it bothered me that having a boyfriend
and being assaulted should be related, as if I, alone, was not enough. At the
hospital it had never occurred to me that it was important I was dating
someone; I had only been thinking of me and my body. It should have been
enough to say, I did not want a stranger touching my body. It felt strange to
say, I have a boyfriend, which is why I did not want Brock touching my
body. What if you’re assaulted and you didn’t already belong to a male? Was having a boyfriend the only way to have your autonomy respected? Later I’d read suggestions that I cried rape because I was ashamed I had
cheated on my boyfriend. Somehow the victim never wins. And what if I’d been assaulted the summer before, in the aftermath of a
broken relationship? What kind of questions would the detective have
asked?",Know_My_Name_6_64
37865_62_29,"Then she touched down and was running: this dream, whatever it was,
moved fast. She ran after it, pursuing sleep, silence, maybe just time. The
years moved fast. The years ran. If you turned around and ran after your
own childhood, you had to really let out your stride and bust your buns. Twenty-nine, the year she had streaked her hair (faster). Twenty-two, the
year she had fallen in love with a football player named Greg Mallory who
had damn near raped her after a fraternity party (faster, faster). Sixteen,
getting drunk with two of her girlfriends on the Bluebird Hill Overlook in
Portland. Fourteen ... twelve ...
... faster, faster, faster ...
She ran into sleep, chasing twelve, catching it, running through the
barrier of memory that It had cast over all of them (it tasted like cold fog in
her laboring dreamlungs), running back into her eleventh year, running,
running like hell, running to beat the devil, looking back now, looking back

6
The Barrens/12:40 P.M.
over her shoulder for any sign of them as she slipped and scrambled her
way down the embankment. No sign, at least not yet.",It_62_29
565747_20_8,"My first instinct was to tell
her she didn’t have to read the whole thing. But she filled the entire
segment. The statement was shoving its way through the world, clearing its
own path. I began texting myself numbers as if I’d be able to map the
trajectory. Monday June 6 8:50 P.M. 6,845,577
Tuesday June 7 8:40 P.M. 10,163,254
Wednesday June 8 5:04 P.M. 12,253,134
Thursday June 9 11:30 P.M. 14,523,874
Friday June 10 12:40 P.M. 15,250,000
Video compilations emerged of people reading the entire statement
aloud. Rape hotlines were ringing, calls and volunteers increasing. New
York mayor Bill de Blasio hosted a reading with his wife, Chirlane McCray. California congresswoman Jackie Speier led a one-hour reading on the
House floor. Congressman Ted Poe of Texas said, She wrote the Bible on
what happens to sexual assault victims. The cast of Girls dedicated a video,
She Is Someone.",Know_My_Name_20_8
131302_35_69,"It is true and you will not contest it.”
I narrowed my eyes. “Would you like me to tell you how I know you’re
lying? I mean, the ways are nearly endless, but let’s start with the fact that I
know you’re lying because I know Miya is my mother. And Miya’s hatred
of Darzin isn’t personal. She hates him on principle, she hates what he does
to people around him, but she doesn’t hate him in the way she would if he’d
forced himself upon her. And frankly, if he had done that, you’d have
murdered him—son or not. But her feelings about you—” I pointed at him. “—are more complicated. And you have her gaesh, so it’s not like she could
refuse your smallest whim. So, settle a curiosity for me: it was rape, wasn’t
it?”
Therin hit me.",The_Ruin_of_Kings_35_69
565747_6_16,"Drinking is not inherently immoral: a
night of heavy drinking calls for Advil and water. But being drunk and
raped seemed to call for condemnation. People were confounded that I had
failed to protect myself. This is the real mystery: This was a top athlete, a highly intelligent,
good-looking boy! One might think he’d find lots of girls who wanted to
hook up with him! Instead, he ruins his life by doing this? It’s hard to credit. The indignation I imagined mirrored was absent. Some people wrote
nasty things about him, Pretty boy won’t stand a chance in prison. Some
wrote kind comments, Please, Emily, do not let this define you.",Know_My_Name_6_16
565747_14_54,"Judge: All right. I’ll allow the—the—question asked. DA: When you say “they,” can you specify who asked you? Me: Sure. The deputy and the dean of students were speaking to me and
asked me who I was and asked me if I could give them a number for them to

contact. They told me, “I have reason to believe” that I had been sexually
assaulted. Defense: Objection. Move to strike. Hearsay. I was suddenly aware of the defense’s palm wrapped firmly across the
top of my head, holding me underwater, saying, Don’t you come up.",Know_My_Name_14_54
340849_19_26,"He was a real bastard.""
Charles looked horrified. He couldn't imagine people doing things like that. Especially to someone he knew. It was appalling. ""How did you know he hadn't
raped you?"" he asked in an agonized voice, thinking of what she must have been
through. ""My roommate took me to a doctor she knew. Nothing had happened. But he pretended that it had, and told everyone that. He told my boss, which was
why he went after me, and I guess why he expected to sleep with me. That was why I quit my job and left Chicago.""
...""Good luck for me."" He smiled, putting an arm around her shoulders and
pulling her closer.",malice_19_26
340849_4_68,"Maybe this is all your invention because you feel sorry for her and want to get
her off, what do I know?""
""Not much, from the sound of it,"" she answered him tartly. ""I didn't invent
that report, or the photographs of the bruises on her thighs and buttocks.""
""Maybe she fell down the stairs. All I know is that you're the only one yelling
rape, and that's not good enough, not with a guy like him. You're just not going to sell it.""
""What about her father's partner? Is he going to defend her?""
""I doubt it. He asked about bail, and I said it's not likely in a murder case,
unless they reduce it to manslaughter, but I doubt that. He said it was probably just as well, because she had nowhere to go now
anyway. She has no other relatives. And he doesn't want to take responsibility
for her. He's a bachelor, and he's not prepared to take her in.",malice_4_68
89253_21_27,"To let him set the pace. But she closed her eyes, and when he finally slid his hands
beneath her sweater, gliding them along her flesh until they

touched her bra, she moaned. Tate’s mouth followed as he pushed up her shirt, stripping it
free of her arms. When her hands left the headboard, more out of
habit than fear, he didn’t say a word as he took her wrists once
more and placed them back against the headboard. Another shaky breath. Another hint of fear. Both vanished
when he took a nipple in his mouth, sucking it through the lace of
her bra. The material gave his mouth a rougher edge but she
needed more. She needed to feel the slickness of his tongue
without a barrier. “Tate,” she whimpered.",Ivy_21_27
991448_36_14,"“Always making me feel so
good.”
There’s no chance for me to fully comprehend what he’s
said, to preen with pride from my accomplishment, when
he starts to properly thrust in me, offering a languid but
harsh rhythm that builds. The sudden movement ricochets
me up the bed, and my head beats against the headboard. There’s complete ease in the way he slips inside me, and
every time he bottoms out, he takes a second and remains
sheathed for a while longer, his hips circling to brush and
bump against every inch of me as my nipples scrape their
own little pattern against his chest. Again and again, he
does this, expelling whatever ability I have to breathe each
time he glides out and dives back in. Dipping his head, he tends to my breasts, brushing his
wet lips over them and capturing a nipple when he fucks
into me just right and they jiggle into his receptive mouth. He draws amorous messages on them with the tip of his
tongue and scrapes his teeth over the soft skin when I
abandon my plans on his back to grip his ass, urging him to
sink in deeper, as if he’s not already bumping the hidden
recess that reveals all the pleasures the universe can offer. But then we get close. Really close. The beat of his cock
synchronizes with the pulsing of my snatch, and he’s
dripping inside me, out of me, leaking down my ass and
onto the bed. And it’s at this cusp that the dynamic
between us shifts and the playful dominance he’s asserted
turns possessive and urgent, touching where we’re joined.",Midnight_Kisses_36_14
281771_1_4,"And he bit at her nipples, moving the breasts
almost roughly so as to feel their weight, and then lightly he slapped
them back and forth, delighting in this. His desire had been hard and almost painful to him when he had
come into the room, and now it was urging him almost mercilessly. He mounted her, parting her legs, giving the white inner ﬂesh of
her thighs a soft, deep pinch, and, clasping her right breast in his left
hand, he thrust his sex into her. He was holding her up as he did this, to gather her mouth to him,

and as he broke through her innocence, he opened her mouth with his
tongue and pinched her breast sharply. He sucked on her lips, he drew the life out of her into himself, and
felling his seed explode within her, heard her cry out. And then her blue eyes opened. ""Beauty!"" he whispered to her. She closed her eyes, her golden eyebrows brought together in a
little frown and the sun gleaming on her broad white forehead. He lifted her chin, kissed her throat, and drawing his organ out of
her tight sex, heard her moan beneath him. She was stunned.",The_Claiming_of_Sleeping_Beauty_1_4
717113_7_52,"I twist my arms behind my back, unhooking the clasp between my shoulder blades while Silas’s tongue leaves hot trails across my collarbones and the swell of
my chest. As I shrug free of the obstructive layer he exhales shakily, tortured by the sight of my naked chest. “Look at you,” Silas mumbles. He takes his time playing with the taut peaks of my breasts, pinching them, circling the flesh—then takes one with his tongue, flicking the muscle against the
throbbing bud until my back arches off the metal and I tug helplessly at the disheveled waves of his hair. Biting down on the plump round he draws a whimper from me, and fuck he loves the sound of it. Diving headfirst then to suck on my other begging nipple
before the spit he left behind on the first has time to dry. Silas leaves me writhing, peppering kisses through the valley of my breasts as he travels my body with his lips like a map. I feel a twisting ache low in my abdomen, like the slow uncorking of a champagne bottle. Silas isn’t taking his time, not letting me breathe. He reacts to the
muffled moans escaping the part in my lips, running his nose up my chest to nudge my chin and take my lips against his own again.",Forget_Me_Not_7_52
565747_21_46,"Trump sounded like someone I
knew. I just start kissing them. Just kiss. I don’t even wait. “I kissed her,”
Brock said. “And you didn’t ask her permission before you kissed her, did
you,” my DA said. “No,” Brock said. I moved on her like a bitch. “I kissed
her cheek and ear,” Brock said. “I touched her breasts.",Know_My_Name_21_46
89253_11_18,"She moaned
at his taste and the stretch at her lips. “Christ,” he murmured, leaning back on an elbow as she took
him deep. Elora didn’t have much of a gag reflex, and as his crown
moved further down her throat, she hummed. Zain’s tremble was her reward. “There’s no mouth like yours,
babe. God, I’ve missed it.”

She’d missed him too. She’d missed this. Elora loved how he’d
lose control when she sucked him off. She loved that she had the
power to undo this beautiful, commanding man. She sucked and licked, dragging her tongue across the
sensitive flesh on the underside of his cock.",Ivy_11_18
89253_15_42,"No space for foreplay. Tate gripped her by the hips, lifting and spinning Ivy to settle
her over his naked lap. Her knees dug into the seats, her hands
finding his pecs and her fingers skating across the dusting of dark
hair. Their breaths mingled. His hand clamped around the back of her neck, hauling her in
for a kiss. His cock, covered with a condom, pulsed between
them. As his lips moved over hers, that hand on her neck kept her
mouth pinned against his as his other hand gripped his shaft,
dragging the tip through her slit. Soaked. She was soaked for this man. He tugged harder on her neck, and Ivy sank down on his cock.",Ivy_15_42
917330_15_37,"But to be honest, Henrik probably wouldn’t have anything against it.”
She sat astride him and kissed him on the mouth. Her hair was still wet and fragrant with shampoo. He fumbled
with the buttons on her flannel shirt and pulled it down around her shoulders. She had no bra. She pressed against
him when he kissed her breasts. Bjurman came round the desk to show her the statement of her bank account—which she knew down to the last öre,
although it was no longer at her disposal. He stood behind her. Suddenly he was massaging the back of her neck, and
he let one hand slide from her left shoulder across her breasts. He put his hand over her right breast and left it there. When she did not seem to object, he squeezed her breast.",The_Girl_With_The_Dragon_Tattoo_15_37
717113_8_14,"His girl. He groans into my mouth and I return it. I can feel his pulsing shaft inside of me where he’s holding himself, and I tease him with a clench of my core to remind
him he’s still yet to move. It pulls a dark, latent curse from his throat and before I can giggle he pulls back and fills me again, stealing the breath and replacing it with
something tortured. Silas fucks me slow at first, winding his hips in soft circles and short thrusts. He stays as deep inside my pussy as he can, giving me his full length heavy and hard
while I’m pinned underneath him. He hardly ever lets his lips leave my body. If they’re not on my mouth, or my neck, sucking dark marks into the meat of my chest—it’s because he’s leaned
back to watch the way his cock slides in and out of me, tugging at the skin there as it comes and goes, glistening thick with my juices, with his. “You were made for me,” Silas praises, thrusting into me harder. “Maker—fuck keep going.” I sigh.",Forget_Me_Not_8_14
565747_21_5,"My butt, my
chest, my vagina, were shown on a screen, a four-foot-tall labia, for the
judge and Brock and his brother and his father and every reporter and
stranger in that room to see. And while this was happening, I must have
been down the hall, smoothing out my blouse in the bathroom mirror,
tamping down my hair with water, trying to look presentable. The
humiliation I feel now, for walking in oblivious and smiling. Knowing this makes me want to swallow a match, lighting my insides
on fire, my stomach a red, dripping cave, smoke pouring out my ears and
nose and eyes, until I become crusty and hollow. A black, empty shell. Sex goes to court to die. I watched the defense attorney’s mouth, the old
tongue and old breath, lips the color of old hummus, Chanel’s vagina. Rubbing it back and forth. It was enough to make me sick, to want to snip
his tongue out of his throat. I just don’t need it, sex, I thought, I could go my
whole life without it.",Know_My_Name_21_5
991448_12_5,"Absolutely spectacular. A connoisseur. Today just happens to be an off day of sorts. An anomaly

that should not be held against me or my record. Still,
needing to divert her attention from picking on my poor
bra-removing skill, I thus occupy her. First, I lick my way into her mouth, evading her eager
tongue. When she’s sufficiently exasperated, her nails
cutting my skin painfully—wonderfully—Greta settles
herself properly onto my lap, straddling a single thigh,
grinding her cunt there. My kisses turn fervent, matching
the way her wet, slippery heat rubs against my skin. I tear away and drag my lips to her breasts. Sucking her
nipple into my mouth, a sound of satisfaction rises in my
throat.",Midnight_Kisses_12_5
89253_21_28,"He read her thoughts, pulling the cups of her bra down. Then
his hot mouth circled a nipple and her back arched off the bed. “Yes,” she hissed. He sucked. He lapped. He tormented her breasts until she was
sure she’d orgasm from his mouth alone. Her body was engulfed
in flames. “Mine,” he murmured against her skin as he shifted, moving
down her belly, letting his tongue taste her along the way. His fingers hooked into her panties, drawing them free and
tossing them to the floor. Then he pushed her knees aside, kissing
the sensitive flesh on the inside of her thighs.",Ivy_21_28
991448_2_9,"Kissing, touching, licking,
sucking. He’s good. So fucking good. No—great. He’s
great. He’s not the tongue-and-done type; he uses everything
at his disposal to stimulate. What’s even better is how he
leverages his grasp on my ass to guide how he wants me
positioned. He alternates between rubbing my clit and
pressing on my pubic mound. Normally, I would hate to
have my mobility restricted like this, but he’s attuned to my
responses and knows exactly where and how I want him, so
I forgive this fact. It begins with the tongue, as it usually does.",Midnight_Kisses_2_9
991448_12_13,"My pulse drums loudly in
my chest at the sight of myself in her dainty grip. “Isn’t that what I’m doing?” She noses the underside,
pecking my balls while stroking me off leisurely, her grip
growing more lax. My eyes narrow, and I push her head closer to my dick,
bumping it against her slightly parted lip. Rubbing the top
over her bottom lip, I paint them in a sheen of cum. “Quit
fucking talking and work that slutty mouth of yours over
my cock.”
Greta’s eyes roll into the back of her head, and she
hums, opening her mouth again. Her eyes are glassy like
she’s in a daze, and she lewdly licks the head before
slapping it against the flat of her tongue a couple of times. “Fuck,” I moan then trail off into a whine. Jolting
forward, my treacherous gaze tears away from her as she
swallows half of my length in one steady plunge forward. Her cheeks collapse around it as she traces her tongue
along my vein. A swirl of pleasure rushes toward my head,
causing my toes to curl.",Midnight_Kisses_12_13
991448_12_15,"Her lips glisten, and her eyes are bright. What’s more, I see
one of her clever little hands settled between her legs. I’m struck by a poignant pleasure at the sight before me. Her wet lips enclose me, her mouth stuffed, my dick
denting her semi-hollowed cheeks, eyes bright. She has her
fist just below her lips, the one between her thighs rubbing
vigorously. Coupling these visuals with the sensation of her
gentle suckling and tongue teasing out to collect the precum she’s drawing out, and I’m seconds away from going
feral. “You fucking love this,” I announce in awe, reaching for
her. She cradles her face in my palm and nods, licking her
saliva-and-cum-coated lips, fisting me a little faster, a little
tighter, her head jerking in a short nod. I groan, speaking

my amazement aloud. “You fucking love sucking my dick
and taking my cum.”
This sets her back in motion.",Midnight_Kisses_12_15
991448_11_31,"As we kiss feverishly, our hands
roaming over each other’s bodies to re-familiarize

ourselves, he stops, ripping his mouth from mine to ask,
“We’re about to have sex, right?”
I press my lips to his clean-shaven jaw, a pinch of
adoration causing me to smile against his skin. “Would you
rather we play Scrabble?”
He chuckles and tilts his neck back, offering me better
access. I gladly take advantage and nose the skin there
before digging my teeth in, tugging, sucking, and kissing
until he directs my ministrations back to his mouth. A sigh
escapes me, bleeding into the kiss. He absorbs this
contented sound while I strive to drink him in, licking my
way inside, sliding my tongue languidly against his. I hold
him captive, intoxicated by the way he relinquishes control,
giving me free rein to plunder his mouth as roughly or
gently as I want. All the while, he’s attentive to me. His
hands snake under my shirt, skimming my torso, up my
waist, until settling below my breasts, the pads of his
thumb teasing under the wire of my bra. Just as he starts to venture beneath the material to
finally touch the sensitive skin of my bare breasts, Otis
tears himself away again. This time, however, he
establishes a most unappreciated distance between us.",Midnight_Kisses_11_31
991448_11_54,"A
conceited smile flirts over his mouth. “Aren’t you glad I
helped?”
“Mmhm,” I murmur. I stop moving and lean forward,
stimulating my clit against him. I hiss, and my pussy
sinches around him. He looks as if he’s about to kiss me,
but I push him away and lean back, a devilish smile on my
face. He glares in contempt. “Fucking kiss me or ride, G. I’ll only take so much before
I lose it.”
I arch a challenging brow at him. He’s already leaking
inside me, giving way to the imminence of his orgasm. He’s
not going to last.",Midnight_Kisses_11_54
991448_12_10,"“Tie your hair up,” I say, the command turning into a
hiss when her tongue is digging into my slit, collecting the
cum leaking out. At my request, Greta slides her mouth off me, pumping
me still. “If that’s what you want, do it yourself.”
Fuck. The suggestion has my dick twitching. She smirks
at this reaction. She holds her free wrist out to me, and I grab the hair
tie there. All the while, she places her mouth back on me,
her fist palming in tandem with her mouth. I jolt forward
and place a hand on the back of her head to both stabilize
myself and stuff more of my cock in the heaven of her
mouth. She keeps still, her breathing heavy, her tongue still
working me. Only when I regain control of myself do I
release my hold, and she moves.",Midnight_Kisses_12_10
991448_2_10,"He places
the flat surface at the bottom of my cunt and slowly drags it
to my clit, drawing it firm when he reaches the bundle of
nerves to flick it back and forth before spanning down. I’d like nothing more than for him to focus his attention
there, but he doesn’t, opting to repeat the motion another
time, teasing his tongue into the opening of my pussy with
a few shallow thrusts, a precursor to what he’ll to do with
his cock later. My hips twist in delight at the cresting ache
expanding inside me as his tongue fucks me faster. The entire time, he’s staring at me, watching shades of
pleasure flit across my face, compelling me to whine and
twist and pant in his grasp. And I watch him too. Not the entire time, but for a little
while, because he gazes at me like I’m his last supper,
moving his mouth over me like this is his only means of
sustenance. Bless James for dragging me to that house party. He moves away briefly, supplementing his fingers in lieu
of his mouth, rubbing tepid circles over me. The glossy
sheen over his face makes me clench in need. “You like
that?”
Obviously.",Midnight_Kisses_2_10
717113_8_62,"I’m so fucking close I can feel the untwisting of the cork begin. The push and pull is paralyzing. My lips are parted in a permanent circle beneath his palm, and
Silas gets sloppy—dropping me down a bit and stabbing into me where the ridged head of his cock bumps flawlessly against the soft spot right inside the mouth of
my cunt. “Don’t stop—right there, Sy,” I cry out. I shirk his hand away and fill the humid stall of the shower with breathless pleading as he fucks me so perfectly. Silas buries his nose into the valley of my breasts and groans hoarsely, quieting his own desperation as his orgasm sneaks up and overcomes him. Oh, those sounds I make. Whining for him. Pleading for him. The supple way his name tumbles off my lips when he’s owning me in this way.",Forget_Me_Not_8_62
89253_13_48,"“Oh God.” She’d never felt so full. The root of his cock rubbed
against her clit. Her body stretched around him, pulsing and ready
for a release. “I need . . .”
“More.” He sealed his mouth over hers as he withdrew. Then
he thrust forward. Hard. She cried out into his mouth, letting him swallow her moans. His hips worked like magic, rolling and thrusting in a rhythm unlike
anything she’d felt before.",Ivy_13_48
717113_8_1,"His length bobs heavy and dark
between his thighs, drips of himself beading at the tip already, weeping for something to quell the throbbing ache of lust. We’re finally naked for each other, as it has been in every gorgeous dream we’ve ever had. We both pause to appreciate that. This is the person I’ve loved—always, intimately. I touch his chest with my fingertips over his heart, feeling the frantic thump beneath the skin, and he does the same. We hold each other’s true, beating hearts in
our palms for the first time. It’s no surprise when they attune and pulse the same; they are the same. Silas slides his hand up to cup my jaw, his thumb prodding softly at the plush pink of my bottom lip for access, and I grant it, swirling my tongue around his finger
and kissing it, then kissing him. We move against each other again, this time completely bare. The hard, velvet head of his cock prods my core, and I grind to meet it as it slides and parts me,
spurring my clit so well that I moan into his mouth.",Forget_Me_Not_8_1
991448_2_12,"Rather than protest, he’s spurned
on. At this new angle, he focuses on licking my clit in a
rapid, circular motion that sends raw arousal through my
veins as he creates a pulsating sensation by flattening his
tongue before elongating it with each radial turn. He
alternates between that and sucking, creating a loud, wet

vacuum, and lets his teeth gently raze over me as I fight to
breathe. The knot of pleasure that’s been tightening inside me
has almost hit its peak. Without pause, he removes his hand
from my mound and brings it against my folds. He pushes two digits inside me, taking slow care to let
my walls stretch against the invasion. When he’s knuckle
deep, he curls his fingers, the pads of them brushing
against my walls, and I cinch around him, stifling an
obnoxious moan. He laves his tongue everywhere else as he
pistons in me. “Damn. I didn’t expect you to taste so fucking delicious.”
He groans into me, sliding his mouth off to offer his
veneration.",Midnight_Kisses_2_12
991448_16_17,"I oblige. And though I don’t actually watch the way his
cock pulses its release in me, I watch him. I watch the way
his eyes glaze, his face alight in enigmatic satisfaction, and
the way his lips part as a primal sound of ecstasy rips out of
his throat as he rears in and out and comes. As he spills inside me, he continues to move in short,
messy strokes, attempting to extend the release. The sound
of his orgasm and my arousal blends in a dulcet melody. My
hand touches where we’re joined to feel his release, and he
shudders over me. “That’s my cheerleader. You love taking
my cum, don’t you?”
It’s these words, compounded with the scalding, sticky
sensation of him pouring into me, that catapults me over
the edge. Concentrating on everything I feel, him inside
me, beating, my body tingling, alive, I pinch my nipples and
firmly tap my clit before finally letting go. The base of my spine goes molten, liquefying from the
heat it radiates.",Midnight_Kisses_16_17
717113_18_9,"Foam kissed our toes,
and the waves rushed over our bodies, naked and gorgeous, sunkissed in the wake. And this way, Silas could fuck me frantically. Racing the climbing tide to my
climax, rolling my body in deep, thick thrusts against his. Everything was salt and grain, my lips on his lips, his chest, his neck. I swallowed the groans he didn’t
bother to hush when my nails tore his skin and the briny water stung like new scars into flesh. When I came he licked into my mouth, tangling his tongue with mine. Fucking me breathless, wrung out, teetering on another crest until I felt him ridge and spill
inside of me. We would often lay like that, stuck in the sand with each other until the sky turned color and the water went cold with the night. Later we would stir and make
love again in darkness under the stars. Then one day, there was a letter.",Forget_Me_Not_18_9
199715_20_17,"He dragged his lips along the curved
bone of my chin to the hollow of my throat, down between my breasts. I gritted
my teeth. I needed to give him this. I needed him to stay with me more than it
would hurt to do what needed to be done to make him stay. This was my new
ransom. I braced myself for the pain. I thought, “I will show you what I can

take.”
“Is this okay?”
I lied. I spread my legs wide, tried to push his boxers down. He put his mouth
on my nipple. He kissed the constellation of fading bruises along the underside
of my breasts, my navel, just above my pubis, tried to kiss me between my
thighs.",An_Untamed_State_20_17
89253_15_44,"He
rolled her nipples once, giving them a hard pinch that made her
pleasure skyrocket. Then his lips were there, sucking her into his
mouth. Her fingers threaded into his hair as she moved, riding him
with wanton strokes. Chasing her own release. The smell of sex
filled the air, mingling with his heady scent. The sound of slapping
skin mixed with the sound of panted breaths as they rocked
together. A groan, deep from Tate’s broad chest, made her move faster. She wanted to close her eyes, to disappear into the feel of
fucking Tate, but she memorized his body instead. His washboard abs were bunched. His chest was strong, his
arms ripped with muscle.",Ivy_15_44
80885_8_52,"I want her mouth. Using all my
strength, I bring her head towards mine. I feel her breasts against my chest. My head is throbbing and my breath coming in short gasps. And I force
upon her a lover's kiss. Not for one moment does she yield, but struggles every instant to be
free of me. I am hot now. As heated as a boy with wanting. Celia arches her
back, frees her mouth from mine. In place of the lost kiss I smother her with
words.",Restoration_Rose_Tremain_8_52
